dateTime,bikesInUsage,electricalBikesInUsage,mechanicalBikesInUsage,is_weekend_or_bank_holiday,is_eve_of_weekend_or_bank_holiday,time_of_day,temperature_2m,rain
2018-08-01 17:00:00,662.5,15.0,647.5,False,False,Afternoon,30.689999,0.0
2018-08-01 18:00:00,799.75,12.25,787.5,False,False,Evening,30.24,0.0
2018-08-01 19:00:00,754.75,5.0,749.75,False,False,Evening,28.89,0.0
2018-08-01 20:00:00,679.0,7.0,672.0,False,False,Evening,27.39,0.0
2018-08-01 21:00:00,577.5,5.0,572.5,False,False,Evening,26.689999,0.0
2018-08-01 22:00:00,396.25,3.0,393.25,False,False,Evening,27.289999,0.0
2018-08-01 23:00:00,322.5,4.0,318.5,False,False,Evening,25.539999,0.0
2018-08-02 00:00:00,328.5,2.75,325.75,False,False,Night,25.289999,0.0
2018-08-02 01:00:00,227.75,2.0,225.75,False,False,Night,25.49,0.0
2018-08-02 02:00:00,85.25,0.25,85.0,False,False,Night,25.24,0.0
2018-08-02 03:00:00,29.0,0.0,29.0,False,False,Night,25.289999,0.0
2018-08-02 04:00:00,23.25,0.0,23.25,False,False,Night,25.189999,0.0
2018-08-02 05:00:00,52.25,0.0,52.25,False,False,Night,24.89,0.0
2018-08-02 06:00:00,123.0,0.75,122.25,False,False,Morning,26.689999,0.0
2018-08-02 07:00:00,391.0,2.75,388.25,False,False,Morning,29.689999,0.0
2018-08-02 08:00:00,689.5,11.5,678.0,False,False,Morning,31.89,0.0
2018-08-02 09:00:00,487.25,10.25,477.0,False,False,Morning,33.04,0.0
2018-08-02 10:00:00,307.0,2.5,304.5,False,False,Morning,33.64,0.0
2018-08-02 11:00:00,295.0,3.0,292.0,False,False,Morning,33.84,0.0
2018-08-02 12:00:00,307.0,1.0,306.0,False,False,Afternoon,33.79,0.0
2018-08-02 13:00:00,352.5,5.75,346.75,False,False,Afternoon,33.14,0.0
2018-08-02 14:00:00,387.75,4.75,383.0,False,False,Afternoon,32.739998,0.0
2018-08-02 15:00:00,465.75,5.5,460.25,False,False,Afternoon,32.79,0.0
2018-08-02 16:00:00,462.5,3.75,458.75,False,False,Afternoon,32.09,0.0
2018-08-02 17:00:00,564.0,7.5,556.5,False,False,Afternoon,31.439999,0.0
2018-08-02 18:00:00,792.25,7.5,784.75,False,False,Evening,30.34,0.0
2018-08-02 19:00:00,741.0,10.25,730.75,False,False,Evening,29.09,0.0
2018-08-02 20:00:00,706.0,7.5,698.5,False,False,Evening,28.039999,0.0
2018-08-02 21:00:00,537.25,4.0,533.25,False,False,Evening,27.09,0.0
2018-08-02 22:00:00,392.5,2.5,390.0,False,False,Evening,26.439999,0.0
2018-08-02 23:00:00,321.0,3.5,317.5,False,False,Evening,26.689999,0.0
2018-08-03 00:00:00,328.75,3.0,325.75,False,True,Night,27.14,0.0
2018-08-03 01:00:00,175.5,2.0,173.5,False,True,Night,26.84,0.0
2018-08-03 02:00:00,95.75,1.0,94.75,False,True,Night,26.49,0.0
2018-08-03 03:00:00,34.5,0.0,34.5,False,True,Night,25.789999,0.0
2018-08-03 04:00:00,22.25,0.0,22.25,False,True,Night,25.59,0.0
2018-08-03 05:00:00,51.25,0.5,50.75,False,True,Night,24.84,0.0
2018-08-03 06:00:00,109.75,1.0,108.75,False,True,Morning,26.789999,0.0
2018-08-03 07:00:00,357.75,3.75,354.0,False,True,Morning,29.689999,0.0
2018-08-03 08:00:00,634.0,10.75,623.25,False,True,Morning,32.04,0.0
2018-08-03 09:00:00,440.0,7.0,433.0,False,True,Morning,33.64,0.0
2018-08-03 10:00:00,290.0,2.25,287.75,False,True,Morning,33.989998,0.0
2018-08-03 11:00:00,310.75,3.0,307.75,False,True,Morning,33.44,0.0
2018-08-03 12:00:00,334.0,2.5,331.5,False,True,Afternoon,34.19,0.0
2018-08-03 13:00:00,382.25,3.0,379.25,False,True,Afternoon,34.39,0.0
2018-08-03 14:00:00,479.5,5.0,474.5,False,True,Afternoon,34.239998,0.0
2018-08-03 15:00:00,548.25,7.5,540.75,False,True,Afternoon,33.94,0.0
2018-08-03 16:00:00,488.0,4.5,483.5,False,True,Afternoon,33.19,0.0
2018-08-03 17:00:00,525.5,6.75,518.75,False,True,Afternoon,32.489998,0.0
2018-08-03 18:00:00,564.25,6.5,557.75,False,True,Evening,31.64,0.0
2018-08-03 19:00:00,560.0,4.0,556.0,False,True,Evening,29.789999,0.0
2018-08-03 20:00:00,548.5,3.75,544.75,False,True,Evening,28.439999,0.0
2018-08-03 21:00:00,492.75,5.5,487.25,False,True,Evening,27.84,0.0
2018-08-03 22:00:00,409.0,2.25,406.75,False,True,Evening,27.689999,0.0
2018-08-03 23:00:00,287.75,4.25,283.5,False,True,Evening,26.84,0.0
2018-08-04 00:00:00,291.0,4.25,286.75,True,True,Night,28.49,0.0
2018-08-04 01:00:00,252.0,4.75,247.25,True,True,Night,27.59,0.0
2018-08-04 02:00:00,150.0,0.25,149.75,True,True,Night,26.59,0.0
2018-08-04 03:00:00,118.0,0.5,117.5,True,True,Night,25.939999,0.0
2018-08-04 04:00:00,64.0,0.0,64.0,True,True,Night,25.689999,0.0
2018-08-04 05:00:00,75.75,0.0,75.75,True,True,Night,25.789999,0.0
2018-08-04 06:00:00,102.5,1.0,101.5,True,True,Morning,27.49,0.0
2018-08-04 07:00:00,107.75,0.5,107.25,True,True,Morning,30.539999,0.0
2018-08-04 08:00:00,150.75,0.25,150.5,True,True,Morning,33.34,0.0
2018-08-04 09:00:00,213.5,1.75,211.75,True,True,Morning,35.64,0.0
2018-08-04 10:00:00,248.0,1.75,246.25,True,True,Morning,36.64,0.0
2018-08-04 11:00:00,279.75,2.5,277.25,True,True,Morning,35.09,0.0
2018-08-04 12:00:00,288.75,2.0,286.75,True,True,Afternoon,35.54,0.0
2018-08-04 13:00:00,282.5,2.0,280.5,True,True,Afternoon,36.34,0.0
2018-08-04 14:00:00,269.25,3.75,265.5,True,True,Afternoon,35.69,0.0
2018-08-04 15:00:00,264.5,1.75,262.75,True,True,Afternoon,32.739998,0.1
2018-08-04 16:00:00,330.25,1.25,329.0,True,True,Afternoon,31.89,0.0
2018-08-04 17:00:00,316.75,1.5,315.25,True,True,Afternoon,31.84,0.0
2018-08-04 18:00:00,335.0,2.5,332.5,True,True,Evening,30.99,0.0
2018-08-04 19:00:00,400.0,2.0,398.0,True,True,Evening,28.74,0.0
2018-08-04 20:00:00,410.25,4.5,405.75,True,True,Evening,27.789999,0.0
2018-08-04 21:00:00,384.25,4.0,380.25,True,True,Evening,27.64,0.0
2018-08-04 22:00:00,324.0,1.75,322.25,True,True,Evening,27.24,0.0
2018-08-04 23:00:00,248.5,2.5,246.0,True,True,Evening,27.189999,0.0
2018-08-05 00:00:00,238.25,3.0,235.25,True,False,Night,27.49,0.0
2018-08-05 01:00:00,205.75,3.25,202.5,True,False,Night,26.74,0.0
2018-08-05 02:00:00,125.25,1.0,124.25,True,False,Night,25.939999,0.0
2018-08-05 03:00:00,96.25,0.5,95.75,True,False,Night,26.039999,0.0
2018-08-05 04:00:00,67.5,1.0,66.5,True,False,Night,26.09,0.0
2018-08-05 05:00:00,61.75,0.0,61.75,True,False,Night,26.189999,0.0
2018-08-05 06:00:00,76.0,0.75,75.25,True,False,Morning,27.64,0.0
2018-08-05 07:00:00,93.25,0.5,92.75,True,False,Morning,30.439999,0.0
2018-08-05 08:00:00,109.5,1.25,108.25,True,False,Morning,33.34,0.0
2018-08-05 09:00:00,157.25,1.5,155.75,True,False,Morning,34.64,0.0
2018-08-05 10:00:00,199.75,3.75,196.0,True,False,Morning,34.89,0.0
2018-08-05 11:00:00,251.25,1.75,249.5,True,False,Morning,34.59,0.0
2018-08-05 12:00:00,259.25,2.25,257.0,True,False,Afternoon,33.989998,0.0
2018-08-05 13:00:00,253.0,1.75,251.25,True,False,Afternoon,35.09,0.0
2018-08-05 14:00:00,251.5,3.0,248.5,True,False,Afternoon,34.59,0.1
2018-08-05 15:00:00,239.75,5.25,234.5,True,False,Afternoon,33.04,0.0
2018-08-05 16:00:00,285.5,4.25,281.25,True,False,Afternoon,32.34,0.0
2018-08-05 17:00:00,316.25,2.25,314.0,True,False,Afternoon,30.59,0.0
2018-08-05 18:00:00,338.0,1.75,336.25,True,False,Evening,29.59,0.0
2018-08-05 19:00:00,394.0,3.75,390.25,True,False,Evening,28.439999,0.0
2018-08-05 20:00:00,402.5,6.25,396.25,True,False,Evening,27.34,0.0
2018-08-05 21:00:00,371.0,4.75,366.25,True,False,Evening,27.939999,0.0
2018-08-05 22:00:00,299.0,3.25,295.75,True,False,Evening,27.59,0.0
2018-08-05 23:00:00,233.5,2.25,231.25,True,False,Evening,27.039999,0.0
2018-08-06 00:00:00,196.75,1.0,195.75,False,False,Night,25.14,0.0
2018-08-06 01:00:00,126.5,2.0,124.5,False,False,Night,23.84,0.2
2018-08-06 02:00:00,30.75,0.0,30.75,False,False,Night,23.99,0.0
2018-08-06 03:00:00,13.5,0.0,13.5,False,False,Night,24.09,0.0
2018-08-06 04:00:00,12.0,0.0,12.0,False,False,Night,23.939999,0.0
2018-08-06 05:00:00,40.25,0.0,40.25,False,False,Night,23.34,0.0
2018-08-06 06:00:00,100.25,1.25,99.0,False,False,Morning,24.74,0.0
2018-08-06 07:00:00,293.5,3.25,290.25,False,False,Morning,27.59,0.0
2018-08-06 08:00:00,560.5,10.75,549.75,False,False,Morning,29.99,0.0
2018-08-06 09:00:00,420.0,8.5,411.5,False,False,Morning,31.039999,0.0
2018-08-06 10:00:00,259.0,6.0,253.0,False,False,Morning,31.39,0.0
2018-08-06 11:00:00,262.5,8.75,253.75,False,False,Morning,31.64,0.0
2018-08-06 12:00:00,265.75,6.25,259.5,False,False,Afternoon,31.59,0.0
2018-08-06 13:00:00,313.0,8.0,305.0,False,False,Afternoon,32.44,0.0
2018-08-06 14:00:00,352.5,9.0,343.5,False,False,Afternoon,31.99,0.0
2018-08-06 15:00:00,405.5,13.0,392.5,False,False,Afternoon,30.789999,0.0
2018-08-06 16:00:00,396.25,9.0,387.25,False,False,Afternoon,31.09,0.0
2018-08-06 17:00:00,490.75,11.0,479.75,False,False,Afternoon,30.039999,0.0
2018-08-06 18:00:00,674.75,10.25,664.5,False,False,Evening,28.99,0.0
2018-08-06 19:00:00,605.75,7.5,598.25,False,False,Evening,27.74,0.0
2018-08-06 20:00:00,530.5,8.25,522.25,False,False,Evening,26.939999,0.0
2018-08-06 21:00:00,439.75,4.5,435.25,False,False,Evening,25.939999,0.0
2018-08-06 22:00:00,334.25,4.25,330.0,False,False,Evening,26.99,0.0
2018-08-06 23:00:00,223.0,4.5,218.5,False,False,Evening,26.09,0.0
2018-08-07 00:00:00,198.0,5.25,192.75,False,False,Night,25.64,0.0
2018-08-07 01:00:00,147.5,4.0,143.5,False,False,Night,25.49,0.0
2018-08-07 02:00:00,55.25,2.25,53.0,False,False,Night,25.14,0.0
2018-08-07 03:00:00,25.5,2.0,23.5,False,False,Night,24.939999,0.0
2018-08-07 04:00:00,21.0,2.0,19.0,False,False,Night,24.59,0.0
2018-08-07 05:00:00,47.0,2.0,45.0,False,False,Night,24.39,0.0
2018-08-07 06:00:00,106.5,3.0,103.5,False,False,Morning,26.09,0.1
2018-08-07 07:00:00,332.0,4.25,327.75,False,False,Morning,27.09,0.1
2018-08-07 08:00:00,618.0,12.0,606.0,False,False,Morning,28.689999,0.0
2018-08-07 09:00:00,457.0,9.75,447.25,False,False,Morning,29.59,0.7
2018-08-07 10:00:00,288.5,3.25,285.25,False,False,Morning,29.689999,0.1
2018-08-07 11:00:00,283.5,3.0,280.5,False,False,Morning,29.789999,0.5
2018-08-07 12:00:00,274.75,3.0,271.75,False,False,Afternoon,30.14,0.0
2018-08-07 13:00:00,297.75,5.5,292.25,False,False,Afternoon,30.74,0.0
2018-08-07 14:00:00,364.5,5.5,359.0,False,False,Afternoon,31.039999,0.0
2018-08-07 15:00:00,435.5,4.5,431.0,False,False,Afternoon,30.34,0.0
2018-08-07 16:00:00,410.5,5.75,404.75,False,False,Afternoon,30.24,0.0
2018-08-07 17:00:00,510.25,6.0,504.25,False,False,Afternoon,29.59,0.0
2018-08-07 18:00:00,705.25,10.0,695.25,False,False,Evening,28.439999,0.0
2018-08-07 19:00:00,665.0,6.5,658.5,False,False,Evening,27.289999,0.0
2018-08-07 20:00:00,565.0,7.75,557.25,False,False,Evening,26.49,0.0
2018-08-07 21:00:00,464.25,8.5,455.75,False,False,Evening,26.14,0.0
2018-08-07 22:00:00,337.5,2.25,335.25,False,False,Evening,25.59,0.0
2018-08-07 23:00:00,273.0,6.0,267.0,False,False,Evening,25.64,0.0
2018-08-08 00:00:00,236.25,2.25,234.0,False,False,Night,25.09,0.0
2018-08-08 01:00:00,174.0,1.0,173.0,False,False,Night,23.34,1.3
2018-08-08 02:00:00,69.0,0.0,69.0,False,False,Night,23.039999,0.1
2018-08-08 03:00:00,37.75,0.0,37.75,False,False,Night,23.039999,0.0
2018-08-08 04:00:00,28.5,0.0,28.5,False,False,Night,23.24,0.0
2018-08-08 05:00:00,55.75,0.0,55.75,False,False,Night,20.89,2.8
2018-08-08 06:00:00,123.25,1.25,122.0,False,False,Morning,20.64,3.4
2018-08-08 07:00:00,335.75,3.25,332.5,False,False,Morning,21.64,0.2
2018-08-08 08:00:00,579.0,10.5,568.5,False,False,Morning,22.34,0.0
2018-08-08 09:00:00,449.25,7.5,441.75,False,False,Morning,23.49,0.0
2018-08-08 10:00:00,283.0,3.25,279.75,False,False,Morning,25.289999,0.0
2018-08-08 11:00:00,294.0,3.75,290.25,False,False,Morning,26.39,0.0
2018-08-08 12:00:00,285.25,4.5,280.75,False,False,Afternoon,28.289999,0.0
2018-08-08 13:00:00,343.0,5.25,337.75,False,False,Afternoon,28.24,0.1
2018-08-08 14:00:00,390.25,5.0,385.25,False,False,Afternoon,28.74,0.0
2018-08-08 15:00:00,443.25,5.75,437.5,False,False,Afternoon,28.84,0.2
2018-08-08 16:00:00,429.0,8.5,420.5,False,False,Afternoon,29.289999,0.0
2018-08-08 17:00:00,501.75,8.75,493.0,False,False,Afternoon,28.689999,0.0
2018-08-08 18:00:00,686.25,10.0,676.25,False,False,Evening,27.939999,0.0
2018-08-08 19:00:00,665.75,11.5,654.25,False,False,Evening,26.539999,0.0
2018-08-08 20:00:00,572.75,13.5,559.25,False,False,Evening,25.74,0.0
2018-08-08 21:00:00,391.25,10.5,380.75,False,False,Evening,24.59,0.0
2018-08-08 22:00:00,328.25,7.25,321.0,False,False,Evening,24.59,0.0
2018-08-08 23:00:00,270.5,9.75,260.75,False,False,Evening,25.789999,0.0
2018-08-09 00:00:00,266.75,7.0,259.75,False,False,Night,25.439999,0.1
2018-08-09 01:00:00,147.0,6.5,140.5,False,False,Night,22.99,2.3
2018-08-09 02:00:00,54.0,6.75,47.25,False,False,Night,22.49,0.0
2018-08-09 03:00:00,16.25,0.5,15.75,False,False,Night,22.59,0.0
2018-08-09 04:00:00,14.0,0.0,14.0,False,False,Night,24.039999,0.0
2018-08-09 05:00:00,42.25,0.0,42.25,False,False,Night,22.84,0.0
2018-08-09 06:00:00,100.75,1.25,99.5,False,False,Morning,24.39,0.0
2018-08-09 07:00:00,299.75,2.75,297.0,False,False,Morning,26.289999,0.0
2018-08-09 08:00:00,547.5,9.25,538.25,False,False,Morning,27.39,0.0
2018-08-09 09:00:00,351.25,8.5,342.75,False,False,Morning,27.99,0.0
2018-08-09 10:00:00,211.75,5.0,206.75,False,False,Morning,28.59,0.2
2018-08-09 11:00:00,241.25,4.5,236.75,False,False,Morning,28.189999,1.1
2018-08-09 12:00:00,278.5,5.5,273.0,False,False,Afternoon,27.89,0.1
2018-08-09 13:00:00,308.75,6.25,302.5,False,False,Afternoon,28.439999,0.6
2018-08-09 14:00:00,374.25,5.5,368.75,False,False,Afternoon,26.84,0.0
2018-08-09 15:00:00,466.0,7.75,458.25,False,False,Afternoon,27.99,0.0
2018-08-09 16:00:00,424.0,2.25,421.75,False,False,Afternoon,27.64,0.8
2018-08-09 17:00:00,285.5,2.0,283.5,False,False,Afternoon,21.939999,5.4
2018-08-09 18:00:00,521.75,7.0,514.75,False,False,Evening,21.789999,2.7
2018-08-09 19:00:00,547.0,9.0,538.0,False,False,Evening,22.49,0.8
2018-08-09 20:00:00,505.75,6.75,499.0,False,False,Evening,22.34,0.9
2018-08-09 21:00:00,390.5,6.0,384.5,False,False,Evening,21.49,1.8
2018-08-09 22:00:00,276.75,3.5,273.25,False,False,Evening,21.289999,0.0
2018-08-09 23:00:00,247.75,2.5,245.25,False,False,Evening,21.34,0.0
2018-08-10 00:00:00,216.25,4.25,212.0,False,True,Night,21.64,0.0
2018-08-10 01:00:00,149.75,3.5,146.25,False,True,Night,21.039999,0.0
2018-08-10 02:00:00,75.33333333333333,2.0,73.33333333333333,False,True,Night,20.99,0.0
2018-08-10 03:00:00,35.5,0.0,35.5,False,True,Night,21.14,0.0
2018-08-10 04:00:00,21.0,0.0,21.0,False,True,Night,20.89,0.0
2018-08-10 05:00:00,46.0,0.25,45.75,False,True,Night,21.14,0.0
2018-08-10 06:00:00,103.5,1.25,102.25,False,True,Morning,21.74,0.0
2018-08-10 07:00:00,294.75,1.5,293.25,False,True,Morning,22.439999,0.0
2018-08-10 08:00:00,524.75,8.5,516.25,False,True,Morning,23.84,0.0
2018-08-10 09:00:00,399.75,5.0,394.75,False,True,Morning,24.789999,0.0
2018-08-10 10:00:00,260.0,1.25,258.75,False,True,Morning,25.59,0.0
2018-08-10 11:00:00,276.25,2.5,273.75,False,True,Morning,25.939999,0.0
2018-08-10 12:00:00,312.5,2.5,310.0,False,True,Afternoon,26.689999,0.0
2018-08-10 13:00:00,366.5,2.75,363.75,False,True,Afternoon,26.34,0.0
2018-08-10 14:00:00,450.5,4.5,446.0,False,True,Afternoon,26.89,0.0
2018-08-10 15:00:00,539.0,4.25,534.75,False,True,Afternoon,26.59,0.0
2018-08-10 16:00:00,527.25,3.0,524.25,False,True,Afternoon,26.09,0.0
2018-08-10 17:00:00,512.0,4.5,507.5,False,True,Afternoon,25.59,0.0
2018-08-10 18:00:00,546.0,7.0,539.0,False,True,Evening,24.89,0.0
2018-08-10 19:00:00,524.0,9.25,514.75,False,True,Evening,23.59,0.0
2018-08-10 20:00:00,528.25,5.75,522.5,False,True,Evening,22.939999,0.0
2018-08-10 21:00:00,425.5,2.5,423.0,False,True,Evening,22.14,0.0
2018-08-10 22:00:00,326.5,4.75,321.75,False,True,Evening,21.89,0.0
2018-08-10 23:00:00,269.5,5.5,264.0,False,True,Evening,21.39,0.0
2018-08-11 00:00:00,262.5,3.25,259.25,True,True,Night,21.59,0.0
2018-08-11 01:00:00,191.5,3.0,188.5,True,True,Night,21.439999,0.0
2018-08-11 02:00:00,145.5,3.25,142.25,True,True,Night,21.39,0.0
2018-08-11 03:00:00,135.0,2.25,132.75,True,True,Night,21.34,0.0
2018-08-11 04:00:00,103.0,1.5,101.5,True,True,Night,21.39,0.0
2018-08-11 05:00:00,66.25,1.75,64.5,True,True,Night,21.24,0.0
2018-08-11 06:00:00,98.0,1.5,96.5,True,True,Morning,22.14,0.0
2018-08-11 07:00:00,100.75,1.25,99.5,True,True,Morning,24.24,0.0
2018-08-11 08:00:00,126.25,1.75,124.5,True,True,Morning,25.64,0.0
2018-08-11 09:00:00,180.0,2.75,177.25,True,True,Morning,26.789999,0.0
2018-08-11 10:00:00,223.5,3.0,220.5,True,True,Morning,27.539999,0.0
2018-08-11 11:00:00,274.25,5.5,268.75,True,True,Morning,27.939999,0.0
2018-08-11 12:00:00,288.75,2.75,286.0,True,True,Afternoon,27.64,0.0
2018-08-11 13:00:00,319.25,1.75,317.5,True,True,Afternoon,27.89,0.0
2018-08-11 14:00:00,320.25,4.25,316.0,True,True,Afternoon,27.789999,0.0
2018-08-11 15:00:00,308.5,1.75,306.75,True,True,Afternoon,27.39,0.0
2018-08-11 16:00:00,342.75,3.25,339.5,True,True,Afternoon,27.289999,0.0
2018-08-11 17:00:00,335.5,5.25,330.25,True,True,Afternoon,26.789999,0.0
2018-08-11 18:00:00,367.5,5.25,362.25,True,True,Evening,26.039999,0.0
2018-08-11 19:00:00,401.75,1.75,400.0,True,True,Evening,25.09,0.0
2018-08-11 20:00:00,423.25,2.5,420.75,True,True,Evening,24.59,0.0
2018-08-11 21:00:00,358.5,1.5,357.0,True,True,Evening,24.09,0.0
2018-08-11 22:00:00,306.5,3.0,303.5,True,True,Evening,23.84,0.0
2018-08-11 23:00:00,250.0,3.0,247.0,True,True,Evening,22.689999,0.0
2018-08-12 00:00:00,256.25,1.25,255.0,True,False,Night,23.14,0.0
2018-08-12 01:00:00,172.5,1.5,171.0,True,False,Night,23.789999,0.0
2018-08-12 02:00:00,120.25,1.5,118.75,True,False,Night,23.439999,0.0
2018-08-12 03:00:00,117.0,1.0,116.0,True,False,Night,23.24,0.0
2018-08-12 04:00:00,87.75,0.25,87.5,True,False,Night,22.89,0.0
2018-08-12 05:00:00,72.75,1.25,71.5,True,False,Night,22.59,0.0
2018-08-12 06:00:00,79.75,0.25,79.5,True,False,Morning,23.64,0.0
2018-08-12 07:00:00,87.75,1.0,86.75,True,False,Morning,25.439999,0.0
2018-08-12 08:00:00,110.25,0.75,109.5,True,False,Morning,27.34,0.1
2018-08-12 09:00:00,131.0,1.5,129.5,True,False,Morning,28.09,0.1
2018-08-12 10:00:00,157.0,1.0,156.0,True,False,Morning,29.039999,0.1
2018-08-12 11:00:00,210.75,1.5,209.25,True,False,Morning,29.59,0.0
2018-08-12 12:00:00,238.0,0.25,237.75,True,False,Afternoon,29.09,0.0
2018-08-12 13:00:00,246.5,1.5,245.0,True,False,Afternoon,29.689999,0.0
2018-08-12 14:00:00,261.5,2.25,259.25,True,False,Afternoon,28.439999,0.0
2018-08-12 15:00:00,252.5,1.5,251.0,True,False,Afternoon,28.64,0.0
2018-08-12 16:00:00,293.5,1.5,292.0,True,False,Afternoon,28.439999,0.0
2018-08-12 17:00:00,319.0,2.25,316.75,True,False,Afternoon,28.289999,0.0
2018-08-12 18:00:00,326.0,5.25,320.75,True,False,Evening,27.59,0.0
2018-08-12 19:00:00,399.25,3.0,396.25,True,False,Evening,25.89,0.0
2018-08-12 20:00:00,357.0,7.0,350.0,True,False,Evening,24.39,0.0
2018-08-12 21:00:00,294.5,4.5,290.0,True,False,Evening,23.74,0.0
2018-08-12 22:00:00,245.0,2.0,243.0,True,False,Evening,22.99,0.0
2018-08-12 23:00:00,195.0,3.25,191.75,True,False,Evening,23.34,0.0
2018-08-13 00:00:00,198.25,1.25,197.0,False,False,Night,24.74,0.0
2018-08-13 01:00:00,117.0,2.25,114.75,False,False,Night,23.89,0.0
2018-08-13 02:00:00,38.5,0.0,38.5,False,False,Night,23.289999,0.0
2018-08-13 03:00:00,15.25,0.0,15.25,False,False,Night,22.34,0.0
2018-08-13 04:00:00,15.0,0.0,15.0,False,False,Night,22.039999,0.0
2018-08-13 05:00:00,36.75,0.0,36.75,False,False,Night,21.689999,0.0
2018-08-13 06:00:00,94.0,0.75,93.25,False,False,Morning,22.89,0.0
2018-08-13 07:00:00,268.75,1.5,267.25,False,False,Morning,24.99,0.0
2018-08-13 08:00:00,464.25,6.0,458.25,False,False,Morning,26.59,0.0
2018-08-13 09:00:00,345.0,5.0,340.0,False,False,Morning,27.689999,0.0
2018-08-13 10:00:00,240.25,3.0,237.25,False,False,Morning,28.89,0.0
2018-08-13 11:00:00,244.25,1.5,242.75,False,False,Morning,29.64,0.0
2018-08-13 12:00:00,282.0,2.25,279.75,False,False,Afternoon,28.34,0.0
2018-08-13 13:00:00,326.25,5.5,320.75,False,False,Afternoon,28.49,0.0
2018-08-13 14:00:00,352.75,2.75,350.0,False,False,Afternoon,28.789999,0.0
2018-08-13 15:00:00,417.75,5.0,412.75,False,False,Afternoon,27.939999,0.0
2018-08-13 16:00:00,387.5,6.5,381.0,False,False,Afternoon,27.09,0.0
2018-08-13 17:00:00,481.5,4.25,477.25,False,False,Afternoon,26.39,0.0
2018-08-13 18:00:00,636.25,6.25,630.0,False,False,Evening,25.39,0.0
2018-08-13 19:00:00,554.5,5.25,549.25,False,False,Evening,24.689999,0.0
2018-08-13 20:00:00,480.5,2.5,478.0,False,False,Evening,24.34,0.0
2018-08-13 21:00:00,386.75,2.25,384.5,False,False,Evening,23.84,0.0
2018-08-13 22:00:00,283.75,2.5,281.25,False,False,Evening,23.939999,0.0
2018-08-13 23:00:00,194.5,3.0,191.5,False,False,Evening,23.99,0.0
2018-08-14 00:00:00,167.0,1.75,165.25,False,True,Night,21.89,0.0
2018-08-14 01:00:00,127.0,1.0,126.0,False,True,Night,22.24,0.1
2018-08-14 02:00:00,45.75,0.0,45.75,False,True,Night,22.189999,0.1
2018-08-14 03:00:00,9.75,0.0,9.75,False,True,Night,22.189999,0.0
2018-08-14 04:00:00,7.5,0.0,7.5,False,True,Night,21.689999,0.0
2018-08-14 05:00:00,28.0,0.0,28.0,False,True,Night,22.039999,0.0
2018-08-14 06:00:00,87.5,0.5,87.0,False,True,Morning,22.49,0.0
2018-08-14 07:00:00,254.5,2.75,251.75,False,True,Morning,23.539999,0.0
2018-08-14 08:00:00,459.25,7.0,452.25,False,True,Morning,24.539999,0.3
2018-08-14 09:00:00,382.25,7.75,374.5,False,True,Morning,25.689999,0.1
2018-08-14 10:00:00,274.0,5.75,268.25,False,True,Morning,26.99,0.2
2018-08-14 11:00:00,275.75,2.75,273.0,False,True,Morning,27.14,0.0
2018-08-14 12:00:00,298.0,1.25,296.75,False,True,Afternoon,27.189999,0.0
2018-08-14 13:00:00,324.0,1.0,323.0,False,True,Afternoon,27.39,0.3
2018-08-14 14:00:00,363.75,4.0,359.75,False,True,Afternoon,27.39,0.0
2018-08-14 15:00:00,431.5,6.75,424.75,False,True,Afternoon,26.99,0.0
2018-08-14 16:00:00,416.5,3.75,412.75,False,True,Afternoon,26.39,0.0
2018-08-14 17:00:00,486.75,5.0,481.75,False,True,Afternoon,25.39,0.0
2018-08-14 18:00:00,627.75,5.75,622.0,False,True,Evening,24.99,0.0
2018-08-14 19:00:00,578.25,5.25,573.0,False,True,Evening,24.14,0.0
2018-08-14 20:00:00,501.0,4.25,496.75,False,True,Evening,23.64,0.0
2018-08-14 21:00:00,435.0,2.5,432.5,False,True,Evening,23.74,0.0
2018-08-14 22:00:00,295.75,2.25,293.5,False,True,Evening,23.64,0.0
2018-08-14 23:00:00,238.25,4.25,234.0,False,True,Evening,24.14,0.0
2018-08-15 00:00:00,238.0,1.5,236.5,True,False,Night,22.689999,0.0
2018-08-15 01:00:00,187.75,2.75,185.0,True,False,Night,22.59,0.0
2018-08-15 02:00:00,110.5,2.0,108.5,True,False,Night,21.99,0.0
2018-08-15 03:00:00,83.75,0.5,83.25,True,False,Night,21.89,0.0
2018-08-15 04:00:00,60.25,0.0,60.25,True,False,Night,21.34,0.0
2018-08-15 05:00:00,56.75,0.0,56.75,True,False,Night,21.14,0.0
2018-08-15 06:00:00,92.5,0.75,91.75,True,False,Morning,21.99,0.1
2018-08-15 07:00:00,124.0,0.25,123.75,True,False,Morning,23.289999,0.0
2018-08-15 08:00:00,177.25,1.0,176.25,True,False,Morning,24.49,0.0
2018-08-15 09:00:00,199.0,1.0,198.0,True,False,Morning,25.39,0.0
2018-08-15 10:00:00,221.25,0.75,220.5,True,False,Morning,25.64,0.0
2018-08-15 11:00:00,261.75,2.5,259.25,True,False,Morning,25.789999,0.0
2018-08-15 12:00:00,289.25,1.75,287.5,True,False,Afternoon,27.39,0.0
2018-08-15 13:00:00,313.25,0.5,312.75,True,False,Afternoon,27.49,0.2
2018-08-15 14:00:00,318.25,2.75,315.5,True,False,Afternoon,28.09,0.0
2018-08-15 15:00:00,298.5,4.25,294.25,True,False,Afternoon,28.09,0.0
2018-08-15 16:00:00,344.75,3.25,341.5,True,False,Afternoon,27.34,0.0
2018-08-15 17:00:00,357.25,5.0,352.25,True,False,Afternoon,26.59,0.0
2018-08-15 18:00:00,402.75,5.25,397.5,True,False,Evening,25.689999,0.0
2018-08-15 19:00:00,417.25,3.5,413.75,True,False,Evening,24.789999,0.0
2018-08-15 20:00:00,437.75,3.5,434.25,True,False,Evening,24.39,0.0
2018-08-15 21:00:00,383.5,2.25,381.25,True,False,Evening,23.49,0.0
2018-08-15 22:00:00,277.5,4.25,273.25,True,False,Evening,24.34,0.0
2018-08-15 23:00:00,254.0,5.25,248.75,True,False,Evening,22.539999,0.0
2018-08-16 00:00:00,249.5,5.75,243.75,False,False,Night,23.189999,0.0
2018-08-16 01:00:00,172.5,4.25,168.25,False,False,Night,23.039999,0.1
2018-08-16 02:00:00,57.0,1.5,55.5,False,False,Night,22.539999,0.0
2018-08-16 03:00:00,23.0,0.0,23.0,False,False,Night,22.039999,0.0
2018-08-16 04:00:00,22.0,0.0,22.0,False,False,Night,22.289999,0.0
2018-08-16 05:00:00,54.0,0.0,54.0,False,False,Night,22.64,0.0
2018-08-16 06:00:00,109.75,1.0,108.75,False,False,Morning,23.39,0.0
2018-08-16 07:00:00,280.0,2.5,277.5,False,False,Morning,24.14,0.0
2018-08-16 08:00:00,475.75,6.5,469.25,False,False,Morning,25.49,0.0
2018-08-16 09:00:00,385.0,5.5,379.5,False,False,Morning,27.24,0.0
2018-08-16 10:00:00,265.0,3.25,261.75,False,False,Morning,28.64,0.0
2018-08-16 11:00:00,273.75,3.0,270.75,False,False,Morning,29.14,0.0
2018-08-16 12:00:00,276.5,2.25,274.25,False,False,Afternoon,28.689999,0.1
2018-08-16 13:00:00,336.0,3.5,332.5,False,False,Afternoon,28.99,0.2
2018-08-16 14:00:00,339.5,5.0,334.5,False,False,Afternoon,28.539999,0.1
2018-08-16 15:00:00,417.5,5.75,411.75,False,False,Afternoon,27.939999,0.0
2018-08-16 16:00:00,407.5,7.25,400.25,False,False,Afternoon,28.14,0.0
2018-08-16 17:00:00,488.0,7.25,480.75,False,False,Afternoon,27.289999,0.0
2018-08-16 18:00:00,632.75,11.0,621.75,False,False,Evening,26.74,0.0
2018-08-16 19:00:00,618.5,7.0,611.5,False,False,Evening,25.49,0.0
2018-08-16 20:00:00,544.5,6.25,538.25,False,False,Evening,24.789999,0.0
2018-08-16 21:00:00,447.0,6.25,440.75,False,False,Evening,24.289999,0.0
2018-08-16 22:00:00,342.0,6.5,335.5,False,False,Evening,23.49,0.0
2018-08-16 23:00:00,310.25,6.0,304.25,False,False,Evening,23.289999,0.0
2018-08-17 00:00:00,285.5,9.5,276.0,False,True,Night,22.09,0.1
2018-08-17 01:00:00,184.75,8.5,176.25,False,True,Night,21.89,0.0
2018-08-17 02:00:00,131.0,7.5,123.5,False,True,Night,21.74,0.0
2018-08-17 03:00:00,64.5,7.0,57.5,False,True,Night,21.189999,0.0
2018-08-17 04:00:00,50.25,6.75,43.5,False,True,Night,21.34,0.0
2018-08-17 05:00:00,78.75,6.75,72.0,False,True,Night,20.789999,0.0
2018-08-17 06:00:00,123.75,6.75,117.0,False,True,Morning,21.289999,0.0
2018-08-17 07:00:00,295.25,8.5,286.75,False,True,Morning,22.64,0.1
2018-08-17 08:00:00,466.0,14.5,451.5,False,True,Morning,23.89,0.1
2018-08-17 09:00:00,400.0,10.5,389.5,False,True,Morning,25.34,0.0
2018-08-17 10:00:00,308.5,9.25,299.25,False,True,Morning,25.59,0.0
2018-08-17 11:00:00,271.25,7.0,264.25,False,True,Morning,23.99,3.2
2018-08-17 12:00:00,303.5,6.0,297.5,False,True,Afternoon,22.74,0.0
2018-08-17 13:00:00,350.0,6.5,343.5,False,True,Afternoon,23.34,1.9
2018-08-17 14:00:00,165.5,4.25,161.25,False,True,Afternoon,24.64,0.2
2018-08-17 15:00:00,82.25,4.0,78.25,False,True,Afternoon,25.34,0.1
2018-08-17 16:00:00,108.75,5.25,103.5,False,True,Afternoon,25.34,0.1
2018-08-17 17:00:00,304.25,3.5,300.75,False,True,Afternoon,24.939999,0.0
2018-08-17 18:00:00,409.25,4.25,405.0,False,True,Evening,24.39,0.1
2018-08-17 19:00:00,404.75,4.0,400.75,False,True,Evening,23.59,0.1
2018-08-17 20:00:00,308.5,2.25,306.25,False,True,Evening,22.74,0.0
2018-08-17 21:00:00,295.25,2.75,292.5,False,True,Evening,22.34,0.0
2018-08-17 22:00:00,270.0,1.25,268.75,False,True,Evening,21.789999,0.0
2018-08-17 23:00:00,232.5,1.5,231.0,False,True,Evening,21.59,0.0
2018-08-18 00:00:00,222.0,3.0,219.0,True,True,Night,20.39,0.0
2018-08-18 01:00:00,182.0,1.0,181.0,True,True,Night,19.99,6.7
2018-08-18 02:00:00,121.5,1.25,120.25,True,True,Night,19.99,5.8
2018-08-18 03:00:00,126.75,1.0,125.75,True,True,Night,19.789999,3.7
2018-08-18 04:00:00,117.5,0.0,117.5,True,True,Night,19.14,1.5
2018-08-18 05:00:00,95.25,0.75,94.5,True,True,Night,19.14,0.1
2018-08-18 06:00:00,104.5,0.25,104.25,True,True,Morning,19.59,0.1
2018-08-18 07:00:00,114.0,0.0,114.0,True,True,Morning,20.89,0.0
2018-08-18 08:00:00,133.0,1.25,131.75,True,True,Morning,22.49,0.0
2018-08-18 09:00:00,195.75,0.75,195.0,True,True,Morning,24.09,0.0
2018-08-18 10:00:00,240.0,0.75,239.25,True,True,Morning,25.39,0.0
2018-08-18 11:00:00,283.0,1.25,281.75,True,True,Morning,25.789999,0.1
2018-08-18 12:00:00,317.0,4.0,313.0,True,True,Afternoon,25.789999,0.1
2018-08-18 13:00:00,342.75,1.5,341.25,True,True,Afternoon,27.14,0.0
2018-08-18 14:00:00,346.0,2.25,343.75,True,True,Afternoon,27.189999,0.0
2018-08-18 15:00:00,330.25,0.0,330.25,True,True,Afternoon,26.84,0.0
2018-08-18 16:00:00,365.0,4.75,360.25,True,True,Afternoon,26.39,0.0
2018-08-18 17:00:00,391.0,4.0,387.0,True,True,Afternoon,25.64,0.0
2018-08-18 18:00:00,388.25,6.75,381.5,True,True,Evening,25.34,0.0
2018-08-18 19:00:00,413.0,6.25,406.75,True,True,Evening,23.64,0.0
2018-08-18 20:00:00,400.5,7.0,393.5,True,True,Evening,22.189999,0.0
2018-08-18 21:00:00,376.5,4.75,371.75,True,True,Evening,21.539999,0.0
2018-08-18 22:00:00,293.5,5.5,288.0,True,True,Evening,21.09,0.0
2018-08-18 23:00:00,214.5,4.5,210.0,True,True,Evening,21.039999,0.0
2018-08-19 00:00:00,273.75,3.75,270.0,True,False,Night,21.49,0.0
2018-08-19 01:00:00,217.0,2.75,214.25,True,False,Night,21.24,0.0
2018-08-19 02:00:00,142.25,3.25,139.0,True,False,Night,20.74,0.0
2018-08-19 03:00:00,105.75,3.0,102.75,True,False,Night,20.539999,0.0
2018-08-19 04:00:00,78.5,3.0,75.5,True,False,Night,20.39,0.0
2018-08-19 05:00:00,72.25,3.5,68.75,True,False,Night,20.24,0.0
2018-08-19 06:00:00,88.5,2.5,86.0,True,False,Morning,20.84,0.0
2018-08-19 07:00:00,88.25,1.0,87.25,True,False,Morning,23.39,0.0
2018-08-19 08:00:00,105.25,2.5,102.75,True,False,Morning,26.34,0.0
2018-08-19 09:00:00,151.75,1.75,150.0,True,False,Morning,28.49,0.0
2018-08-19 10:00:00,179.25,1.5,177.75,True,False,Morning,29.539999,0.0
2018-08-19 11:00:00,225.25,2.25,223.0,True,False,Morning,30.14,0.0
2018-08-19 12:00:00,255.75,3.75,252.0,True,False,Afternoon,30.24,0.0
2018-08-19 13:00:00,267.75,2.5,265.25,True,False,Afternoon,30.84,0.0
2018-08-19 14:00:00,298.25,4.5,293.75,True,False,Afternoon,30.64,0.0
2018-08-19 15:00:00,291.25,2.25,289.0,True,False,Afternoon,30.14,0.0
2018-08-19 16:00:00,316.75,2.25,314.5,True,False,Afternoon,29.39,0.0
2018-08-19 17:00:00,336.5,6.0,330.5,True,False,Afternoon,28.64,0.0
2018-08-19 18:00:00,352.0,8.0,344.0,True,False,Evening,27.689999,0.0
2018-08-19 19:00:00,398.75,3.75,395.0,True,False,Evening,25.99,0.0
2018-08-19 20:00:00,402.25,5.0,397.25,True,False,Evening,24.49,0.0
2018-08-19 21:00:00,333.5,5.0,328.5,True,False,Evening,22.89,0.0
2018-08-19 22:00:00,263.25,1.75,261.5,True,False,Evening,22.74,0.0
2018-08-19 23:00:00,213.75,2.0,211.75,True,False,Evening,21.99,0.0
2018-08-20 00:00:00,190.5,1.25,189.25,False,False,Night,21.84,0.0
2018-08-20 01:00:00,125.0,1.25,123.75,False,False,Night,21.289999,0.0
2018-08-20 02:00:00,51.75,1.0,50.75,False,False,Night,21.039999,0.0
2018-08-20 03:00:00,20.75,0.0,20.75,False,False,Night,21.039999,0.0
2018-08-20 04:00:00,16.25,0.0,16.25,False,False,Night,20.74,0.0
2018-08-20 05:00:00,42.5,0.0,42.5,False,False,Night,20.439999,0.0
2018-08-20 06:00:00,93.0,0.5,92.5,False,False,Morning,21.289999,0.0
2018-08-20 07:00:00,285.75,4.5,281.25,False,False,Morning,24.039999,0.0
2018-08-20 08:00:00,481.25,8.25,473.0,False,False,Morning,27.34,0.0
2018-08-20 09:00:00,416.25,6.0,410.25,False,False,Morning,29.99,0.0
2018-08-20 10:00:00,268.5,2.25,266.25,False,False,Morning,31.439999,0.0
2018-08-20 11:00:00,260.25,3.0,257.25,False,False,Morning,32.14,0.0
2018-08-20 12:00:00,290.75,2.25,288.5,False,False,Afternoon,32.14,0.0
2018-08-20 13:00:00,331.5,1.75,329.75,False,False,Afternoon,32.29,0.0
2018-08-20 14:00:00,398.5,4.5,394.0,False,False,Afternoon,31.39,0.0
2018-08-20 15:00:00,441.3333333333333,5.333333333333333,436.0,False,False,Afternoon,30.89,0.0
2018-08-20 16:00:00,433.75,6.25,427.5,False,False,Afternoon,30.24,0.0
2018-08-20 17:00:00,500.25,4.75,495.5,False,False,Afternoon,29.39,0.0
2018-08-20 18:00:00,663.5,7.75,655.75,False,False,Evening,27.39,0.0
2018-08-20 19:00:00,626.5,6.5,620.0,False,False,Evening,25.24,0.0
2018-08-20 20:00:00,542.5,1.5,541.0,False,False,Evening,24.24,0.0
2018-08-20 21:00:00,429.75,3.5,426.25,False,False,Evening,23.439999,0.0
2018-08-20 22:00:00,308.0,1.25,306.75,False,False,Evening,23.289999,0.0
2018-08-20 23:00:00,249.25,5.0,244.25,False,False,Evening,22.64,0.0
2018-08-21 00:00:00,222.5,2.0,220.5,False,False,Night,23.24,0.0
2018-08-21 01:00:00,149.0,2.25,146.75,False,False,Night,22.539999,0.0
2018-08-21 02:00:00,48.75,1.0,47.75,False,False,Night,22.74,0.0
2018-08-21 03:00:00,18.75,0.0,18.75,False,False,Night,22.34,0.0
2018-08-21 04:00:00,17.25,0.0,17.25,False,False,Night,22.189999,0.0
2018-08-21 05:00:00,45.0,0.25,44.75,False,False,Night,22.14,0.0
2018-08-21 06:00:00,105.0,0.25,104.75,False,False,Morning,22.84,0.0
2018-08-21 07:00:00,300.0,3.75,296.25,False,False,Morning,25.439999,0.0
2018-08-21 08:00:00,551.75,9.5,542.25,False,False,Morning,28.39,0.0
2018-08-21 09:00:00,455.75,4.5,451.25,False,False,Morning,30.39,0.0
2018-08-21 10:00:00,298.25,2.75,295.5,False,False,Morning,31.439999,0.0
2018-08-21 11:00:00,292.75,1.5,291.25,False,False,Morning,31.64,0.0
2018-08-21 12:00:00,318.75,2.0,316.75,False,False,Afternoon,30.939999,1.5
2018-08-21 13:00:00,357.25,1.75,355.5,False,False,Afternoon,31.64,0.0
2018-08-21 14:00:00,385.0,7.25,377.75,False,False,Afternoon,31.64,0.0
2018-08-21 15:00:00,475.0,3.5,471.5,False,False,Afternoon,30.689999,0.0
2018-08-21 16:00:00,438.25,4.0,434.25,False,False,Afternoon,29.789999,0.0
2018-08-21 17:00:00,512.25,5.75,506.5,False,False,Afternoon,28.939999,0.0
2018-08-21 18:00:00,674.75,6.75,668.0,False,False,Evening,27.89,0.0
2018-08-21 19:00:00,642.25,3.75,638.5,False,False,Evening,26.24,0.0
2018-08-21 20:00:00,568.0,5.5,562.5,False,False,Evening,26.49,0.0
2018-08-21 21:00:00,433.25,3.5,429.75,False,False,Evening,24.939999,0.0
2018-08-21 22:00:00,323.5,3.75,319.75,False,False,Evening,23.539999,0.0
2018-08-21 23:00:00,257.25,4.75,252.5,False,False,Evening,23.24,0.0
2018-08-22 00:00:00,246.25,3.25,243.0,False,False,Night,22.289999,0.0
2018-08-22 01:00:00,166.0,5.5,160.5,False,False,Night,22.14,0.0
2018-08-22 02:00:00,52.25,1.75,50.5,False,False,Night,22.24,0.0
2018-08-22 03:00:00,14.0,0.0,14.0,False,False,Night,21.789999,0.0
2018-08-22 04:00:00,11.75,0.0,11.75,False,False,Night,21.039999,0.0
2018-08-22 05:00:00,38.75,0.0,38.75,False,False,Night,20.24,0.0
2018-08-22 06:00:00,97.0,0.5,96.5,False,False,Morning,20.74,0.0
2018-08-22 07:00:00,296.5,3.25,293.25,False,False,Morning,23.89,0.0
2018-08-22 08:00:00,555.25,8.75,546.5,False,False,Morning,26.789999,0.0
2018-08-22 09:00:00,438.0,7.75,430.25,False,False,Morning,28.939999,0.0
2018-08-22 10:00:00,275.0,3.25,271.75,False,False,Morning,30.24,0.0
2018-08-22 11:00:00,278.25,1.25,277.0,False,False,Morning,30.64,0.0
2018-08-22 12:00:00,284.0,2.5,281.5,False,False,Afternoon,30.59,0.0
2018-08-22 13:00:00,327.25,3.5,323.75,False,False,Afternoon,30.289999,0.0
2018-08-22 14:00:00,389.5,4.0,385.5,False,False,Afternoon,29.84,0.0
2018-08-22 15:00:00,463.25,6.25,457.0,False,False,Afternoon,29.09,0.0
2018-08-22 16:00:00,429.5,5.0,424.5,False,False,Afternoon,28.34,0.0
2018-08-22 17:00:00,512.75,7.25,505.5,False,False,Afternoon,27.59,0.0
2018-08-22 18:00:00,726.75,10.75,716.0,False,False,Evening,26.539999,0.0
2018-08-22 19:00:00,677.75,5.25,672.5,False,False,Evening,24.789999,0.0
2018-08-22 20:00:00,584.75,3.25,581.5,False,False,Evening,25.34,0.0
2018-08-22 21:00:00,461.25,4.25,457.0,False,False,Evening,24.74,0.0
2018-08-22 22:00:00,344.75,1.75,343.0,False,False,Evening,23.14,0.0
2018-08-22 23:00:00,285.75,5.5,280.25,False,False,Evening,22.039999,0.0
2018-08-23 00:00:00,259.25,2.75,256.5,False,False,Night,22.74,0.0
2018-08-23 01:00:00,158.75,1.5,157.25,False,False,Night,22.14,0.9
2018-08-23 02:00:00,79.0,1.0,78.0,False,False,Night,21.99,0.0
2018-08-23 03:00:00,30.25,0.0,30.25,False,False,Night,21.689999,0.0
2018-08-23 04:00:00,26.5,0.0,26.5,False,False,Night,21.439999,0.0
2018-08-23 05:00:00,56.25,0.0,56.25,False,False,Night,20.939999,0.0
2018-08-23 06:00:00,107.75,0.75,107.0,False,False,Morning,21.99,0.0
2018-08-23 07:00:00,325.0,2.25,322.75,False,False,Morning,23.64,0.0
2018-08-23 08:00:00,577.75,10.0,567.75,False,False,Morning,26.39,0.0
2018-08-23 09:00:00,448.25,6.75,441.5,False,False,Morning,28.74,0.0
2018-08-23 10:00:00,267.25,1.5,265.75,False,False,Morning,30.039999,0.0
2018-08-23 11:00:00,269.5,3.25,266.25,False,False,Morning,30.64,0.0
2018-08-23 12:00:00,297.5,1.0,296.5,False,False,Afternoon,31.39,0.1
2018-08-23 13:00:00,341.5,3.75,337.75,False,False,Afternoon,31.89,0.0
2018-08-23 14:00:00,379.75,3.75,376.0,False,False,Afternoon,31.439999,0.0
2018-08-23 15:00:00,455.5,4.5,451.0,False,False,Afternoon,30.939999,0.0
2018-08-23 16:00:00,323.4217411707878,3.9487181351739467,319.47302303561383,False,False,Afternoon,29.99,0.0
2018-08-23 17:00:00,323.4217411707878,3.9487181351739467,319.47302303561383,False,False,Afternoon,29.59,0.0
2018-08-23 18:00:00,323.4217411707878,3.9487181351739467,319.47302303561383,False,False,Evening,28.689999,0.0
2018-08-23 19:00:00,323.4217411707878,3.9487181351739467,319.47302303561383,False,False,Evening,26.99,0.0
2018-08-23 20:00:00,323.4217411707878,3.9487181351739467,319.47302303561383,False,False,Evening,25.939999,0.0
2018-08-23 21:00:00,323.4217411707878,3.9487181351739467,319.47302303561383,False,False,Evening,25.289999,0.0
2018-08-23 22:00:00,323.4217411707878,3.9487181351739467,319.47302303561383,False,False,Evening,24.439999,0.0
2018-08-23 23:00:00,323.4217411707878,3.9487181351739467,319.47302303561383,False,False,Evening,23.939999,0.0
2018-08-24 00:00:00,323.4217411707878,3.9487181351739467,319.47302303561383,False,True,Night,23.34,0.0
2018-08-24 01:00:00,323.4217411707878,3.9487181351739467,319.47302303561383,False,True,Night,23.039999,0.0
2018-08-24 02:00:00,323.4217411707878,3.9487181351739467,319.47302303561383,False,True,Night,22.789999,0.0
2018-08-24 03:00:00,323.4217411707878,3.9487181351739467,319.47302303561383,False,True,Night,22.14,0.0
2018-08-24 04:00:00,323.4217411707878,3.9487181351739467,319.47302303561383,False,True,Night,21.539999,0.0
2018-08-24 05:00:00,323.4217411707878,3.9487181351739467,319.47302303561383,False,True,Night,21.439999,0.0
2018-08-24 06:00:00,323.4217411707878,3.9487181351739467,319.47302303561383,False,True,Morning,22.59,0.0
2018-08-24 07:00:00,323.4217411707878,3.9487181351739467,319.47302303561383,False,True,Morning,24.74,0.0
2018-08-24 08:00:00,323.4217411707878,3.9487181351739467,319.47302303561383,False,True,Morning,26.59,0.0
2018-08-24 09:00:00,360.6666666666667,5.333333333333333,355.3333333333333,False,True,Morning,28.189999,0.0
2018-08-24 10:00:00,263.75,3.25,260.5,False,True,Morning,28.24,0.0
2018-08-24 11:00:00,269.5,1.75,267.75,False,True,Morning,27.59,0.2
2018-08-24 12:00:00,289.25,2.5,286.75,False,True,Afternoon,28.49,0.3
2018-08-24 13:00:00,330.75,3.75,327.0,False,True,Afternoon,28.64,0.3
2018-08-24 14:00:00,449.0,6.5,442.5,False,True,Afternoon,28.39,0.0
2018-08-24 15:00:00,538.5,4.75,533.75,False,True,Afternoon,27.689999,0.0
2018-08-24 16:00:00,501.25,3.25,498.0,False,True,Afternoon,24.89,0.0
2018-08-24 17:00:00,497.25,4.0,493.25,False,True,Afternoon,24.99,0.0
2018-08-24 18:00:00,531.0,5.5,525.5,False,True,Evening,24.039999,0.0
2018-08-24 19:00:00,544.25,6.25,538.0,False,True,Evening,23.89,0.0
2018-08-24 20:00:00,496.25,4.0,492.25,False,True,Evening,24.039999,0.0
2018-08-24 21:00:00,448.75,3.5,445.25,False,True,Evening,24.24,0.0
2018-08-24 22:00:00,317.0,4.0,313.0,False,True,Evening,23.439999,0.1
2018-08-24 23:00:00,263.5,3.75,259.75,False,True,Evening,23.039999,0.2
2018-08-25 00:00:00,229.75,2.75,227.0,True,True,Night,22.24,0.4
2018-08-25 01:00:00,179.0,3.25,175.75,True,True,Night,21.789999,0.1
2018-08-25 02:00:00,168.0,2.5,165.5,True,True,Night,21.49,0.1
2018-08-25 03:00:00,139.5,2.0,137.5,True,True,Night,21.539999,0.3
2018-08-25 04:00:00,95.75,2.0,93.75,True,True,Night,21.939999,0.6
2018-08-25 05:00:00,63.0,1.75,61.25,True,True,Night,22.24,0.2
2018-08-25 06:00:00,66.75,1.0,65.75,True,True,Morning,21.64,0.3
2018-08-25 07:00:00,79.0,1.0,78.0,True,True,Morning,21.49,0.6
2018-08-25 08:00:00,103.75,1.5,102.25,True,True,Morning,21.039999,1.1
2018-08-25 09:00:00,148.0,3.25,144.75,True,True,Morning,20.74,1.1
2018-08-25 10:00:00,203.5,2.25,201.25,True,True,Morning,21.64,0.6
2018-08-25 11:00:00,243.0,4.25,238.75,True,True,Morning,22.14,0.4
2018-08-25 12:00:00,285.0,4.25,280.75,True,True,Afternoon,24.34,0.2
2018-08-25 13:00:00,316.5,1.75,314.75,True,True,Afternoon,24.189999,0.3
2018-08-25 14:00:00,320.75,3.25,317.5,True,True,Afternoon,24.39,0.1
2018-08-25 15:00:00,272.0,4.25,267.75,True,True,Afternoon,24.09,0.0
2018-08-25 16:00:00,318.0,2.25,315.75,True,True,Afternoon,22.789999,0.0
2018-08-25 17:00:00,341.75,3.75,338.0,True,True,Afternoon,22.689999,0.0
2018-08-25 18:00:00,335.25,3.75,331.5,True,True,Evening,22.49,0.0
2018-08-25 19:00:00,378.5,0.75,377.75,True,True,Evening,22.14,0.0
2018-08-25 20:00:00,350.5,2.0,348.5,True,True,Evening,22.09,0.0
2018-08-25 21:00:00,328.0,2.75,325.25,True,True,Evening,21.189999,0.0
2018-08-25 22:00:00,239.0,0.75,238.25,True,True,Evening,20.439999,0.0
2018-08-25 23:00:00,194.25,2.5,191.75,True,True,Evening,19.74,0.0
2018-08-26 00:00:00,206.75,3.25,203.5,True,False,Night,20.939999,0.0
2018-08-26 01:00:00,150.0,1.0,149.0,True,False,Night,21.039999,0.1
2018-08-26 02:00:00,109.5,1.25,108.25,True,False,Night,20.689999,0.1
2018-08-26 03:00:00,112.75,1.0,111.75,True,False,Night,20.39,1.4
2018-08-26 04:00:00,78.0,3.0,75.0,True,False,Night,20.09,1.4
2018-08-26 05:00:00,59.25,0.25,59.0,True,False,Night,20.24,0.9
2018-08-26 06:00:00,72.25,0.75,71.5,True,False,Morning,20.689999,0.1
2018-08-26 07:00:00,72.75,0.5,72.25,True,False,Morning,20.189999,0.0
2018-08-26 08:00:00,79.75,0.0,79.75,True,False,Morning,20.789999,0.0
2018-08-26 09:00:00,97.25,0.0,97.25,True,False,Morning,22.539999,0.0
2018-08-26 10:00:00,140.5,0.25,140.25,True,False,Morning,24.189999,0.0
2018-08-26 11:00:00,177.75,0.5,177.25,True,False,Morning,24.689999,0.0
2018-08-26 12:00:00,252.0,2.75,249.25,True,False,Afternoon,24.59,0.0
2018-08-26 13:00:00,273.5,2.0,271.5,True,False,Afternoon,24.84,0.0
2018-08-26 14:00:00,291.0,4.0,287.0,True,False,Afternoon,24.89,0.0
2018-08-26 15:00:00,258.5,2.75,255.75,True,False,Afternoon,24.789999,0.0
2018-08-26 16:00:00,295.0,2.0,293.0,True,False,Afternoon,24.539999,0.0
2018-08-26 17:00:00,340.5,2.0,338.5,True,False,Afternoon,23.99,0.0
2018-08-26 18:00:00,373.0,4.0,369.0,True,False,Evening,23.539999,0.0
2018-08-26 19:00:00,386.75,4.25,382.5,True,False,Evening,23.189999,0.0
2018-08-26 20:00:00,372.0,3.25,368.75,True,False,Evening,22.09,0.0
2018-08-26 21:00:00,317.25,2.75,314.5,True,False,Evening,23.09,0.0
2018-08-26 22:00:00,227.25,1.75,225.5,True,False,Evening,21.84,0.0
2018-08-26 23:00:00,208.25,1.75,206.5,True,False,Evening,21.289999,0.0
2018-08-27 00:00:00,181.25,1.25,180.0,False,False,Night,21.34,0.0
2018-08-27 01:00:00,114.25,2.75,111.5,False,False,Night,20.939999,0.0
2018-08-27 02:00:00,31.75,0.5,31.25,False,False,Night,20.09,0.0
2018-08-27 03:00:00,11.0,0.0,11.0,False,False,Night,19.99,0.0
2018-08-27 04:00:00,10.0,0.0,10.0,False,False,Night,20.039999,0.0
2018-08-27 05:00:00,34.75,0.0,34.75,False,False,Night,20.09,0.0
2018-08-27 06:00:00,92.0,0.5,91.5,False,False,Morning,21.24,0.0
2018-08-27 07:00:00,333.5,3.5,330.0,False,False,Morning,22.49,0.1
2018-08-27 08:00:00,612.25,13.0,599.25,False,False,Morning,23.439999,0.0
2018-08-27 09:00:00,437.0,15.0,422.0,False,False,Morning,24.64,0.0
2018-08-27 10:00:00,288.5,8.5,280.0,False,False,Morning,25.789999,0.0
2018-08-27 11:00:00,281.0,6.75,274.25,False,False,Morning,26.789999,0.0
2018-08-27 12:00:00,313.25,8.75,304.5,False,False,Afternoon,26.59,0.0
2018-08-27 13:00:00,361.5,10.5,351.0,False,False,Afternoon,27.09,0.0
2018-08-27 14:00:00,431.0,12.25,418.75,False,False,Afternoon,27.39,0.0
2018-08-27 15:00:00,493.0,10.0,483.0,False,False,Afternoon,27.34,0.0
2018-08-27 16:00:00,448.0,4.0,444.0,False,False,Afternoon,27.039999,0.0
2018-08-27 17:00:00,565.0,4.0,561.0,False,False,Afternoon,26.64,0.0
2018-08-27 18:00:00,773.5,8.0,765.5,False,False,Evening,25.64,0.0
2018-08-27 19:00:00,686.25,5.0,681.25,False,False,Evening,24.189999,0.0
2018-08-27 20:00:00,574.25,4.75,569.5,False,False,Evening,23.34,0.0
2018-08-27 21:00:00,425.25,3.75,421.5,False,False,Evening,22.84,0.0
2018-08-27 22:00:00,295.5,2.25,293.25,False,False,Evening,22.189999,0.0
2018-08-27 23:00:00,242.5,5.0,237.5,False,False,Evening,22.039999,0.0
2018-08-28 00:00:00,208.75,1.0,207.75,False,False,Night,22.14,0.0
2018-08-28 01:00:00,146.5,2.0,144.5,False,False,Night,21.789999,0.0
2018-08-28 02:00:00,47.5,1.5,46.0,False,False,Night,22.039999,0.0
2018-08-28 03:00:00,19.5,0.25,19.25,False,False,Night,21.64,0.0
2018-08-28 04:00:00,17.0,0.0,17.0,False,False,Night,21.189999,0.0
2018-08-28 05:00:00,44.75,0.0,44.75,False,False,Night,20.84,0.0
2018-08-28 06:00:00,104.25,0.0,104.25,False,False,Morning,21.039999,0.0
2018-08-28 07:00:00,367.0,3.0,364.0,False,False,Morning,23.039999,0.0
2018-08-28 08:00:00,671.75,15.0,656.75,False,False,Morning,25.84,0.0
2018-08-28 09:00:00,521.75,10.25,511.5,False,False,Morning,27.539999,0.0
2018-08-28 10:00:00,315.75,6.25,309.5,False,False,Morning,28.539999,0.0
2018-08-28 11:00:00,316.25,2.5,313.75,False,False,Morning,29.039999,0.0
2018-08-28 12:00:00,304.5,3.5,301.0,False,False,Afternoon,28.84,0.0
2018-08-28 13:00:00,390.25,8.5,381.75,False,False,Afternoon,28.689999,0.0
2018-08-28 14:00:00,441.25,6.25,435.0,False,False,Afternoon,28.39,0.0
2018-08-28 15:00:00,528.75,8.0,520.75,False,False,Afternoon,27.939999,0.0
2018-08-28 16:00:00,458.0,7.25,450.75,False,False,Afternoon,27.439999,0.0
2018-08-28 17:00:00,591.25,9.75,581.5,False,False,Afternoon,26.64,0.0
2018-08-28 18:00:00,824.75,14.0,810.75,False,False,Evening,25.64,0.0
2018-08-28 19:00:00,762.25,11.75,750.5,False,False,Evening,24.99,0.0
2018-08-28 20:00:00,636.0,8.5,627.5,False,False,Evening,24.39,0.0
2018-08-28 21:00:00,503.5,9.75,493.75,False,False,Evening,23.789999,0.0
2018-08-28 22:00:00,342.5,4.25,338.25,False,False,Evening,23.89,0.0
2018-08-28 23:00:00,288.75,6.0,282.75,False,False,Evening,23.59,0.0
2018-08-29 00:00:00,261.25,5.0,256.25,False,False,Night,24.039999,0.0
2018-08-29 01:00:00,160.25,5.0,155.25,False,False,Night,23.74,0.0
2018-08-29 02:00:00,69.0,3.5,65.5,False,False,Night,23.689999,0.0
2018-08-29 03:00:00,28.75,3.0,25.75,False,False,Night,23.14,0.0
2018-08-29 04:00:00,26.0,3.0,23.0,False,False,Night,22.64,0.0
2018-08-29 05:00:00,49.25,3.0,46.25,False,False,Night,22.09,0.0
2018-08-29 06:00:00,108.25,4.0,104.25,False,False,Morning,22.49,0.0
2018-08-29 07:00:00,369.0,5.0,364.0,False,False,Morning,24.189999,0.0
2018-08-29 08:00:00,669.5,16.75,652.75,False,False,Morning,26.34,0.0
2018-08-29 09:00:00,509.0,13.25,495.75,False,False,Morning,27.59,0.0
2018-08-29 10:00:00,331.5,8.0,323.5,False,False,Morning,28.14,0.0
2018-08-29 11:00:00,305.5,4.25,301.25,False,False,Morning,28.039999,0.0
2018-08-29 12:00:00,328.25,2.0,326.25,False,False,Afternoon,26.99,0.0
2018-08-29 13:00:00,358.75,4.0,354.75,False,False,Afternoon,26.89,0.9
2018-08-29 14:00:00,425.25,5.75,419.5,False,False,Afternoon,26.59,0.0
2018-08-29 15:00:00,511.25,6.25,505.0,False,False,Afternoon,26.289999,0.0
2018-08-29 16:00:00,445.5,8.0,437.5,False,False,Afternoon,26.84,0.0
2018-08-29 17:00:00,548.0,4.75,543.25,False,False,Afternoon,26.84,0.0
2018-08-29 18:00:00,770.25,8.75,761.5,False,False,Evening,26.34,0.0
2018-08-29 19:00:00,741.25,6.25,735.0,False,False,Evening,24.84,0.0
2018-08-29 20:00:00,620.25,7.0,613.25,False,False,Evening,24.539999,0.0
2018-08-29 21:00:00,454.75,4.0,450.75,False,False,Evening,23.59,0.0
2018-08-29 22:00:00,326.5,4.0,322.5,False,False,Evening,23.039999,0.0
2018-08-29 23:00:00,277.75,4.0,273.75,False,False,Evening,22.24,0.0
2018-08-30 00:00:00,249.0,6.75,242.25,False,False,Night,23.039999,0.0
2018-08-30 01:00:00,170.5,3.25,167.25,False,False,Night,21.689999,0.4
2018-08-30 02:00:00,90.75,1.0,89.75,False,False,Night,20.99,0.1
2018-08-30 03:00:00,49.25,1.0,48.25,False,False,Night,21.24,0.0
2018-08-30 04:00:00,40.75,1.0,39.75,False,False,Night,21.24,0.0
2018-08-30 05:00:00,65.0,1.25,63.75,False,False,Night,20.689999,0.0
2018-08-30 06:00:00,129.75,1.5,128.25,False,False,Morning,20.84,0.7
2018-08-30 07:00:00,399.75,3.0,396.75,False,False,Morning,21.39,0.3
2018-08-30 08:00:00,708.25,14.75,693.5,False,False,Morning,23.34,0.0
2018-08-30 09:00:00,513.25,9.0,504.25,False,False,Morning,25.64,0.0
2018-08-30 10:00:00,326.5,4.25,322.25,False,False,Morning,27.24,0.0
2018-08-30 11:00:00,314.75,4.0,310.75,False,False,Morning,27.74,0.0
2018-08-30 12:00:00,319.5,2.5,317.0,False,False,Afternoon,28.039999,0.0
2018-08-30 13:00:00,377.5,3.0,374.5,False,False,Afternoon,28.34,0.7
2018-08-30 14:00:00,442.75,6.25,436.5,False,False,Afternoon,27.689999,0.0
2018-08-30 15:00:00,516.0,5.5,510.5,False,False,Afternoon,27.24,0.0
2018-08-30 16:00:00,487.0,5.0,482.0,False,False,Afternoon,26.59,0.0
2018-08-30 17:00:00,568.25,4.75,563.5,False,False,Afternoon,25.39,0.1
2018-08-30 18:00:00,772.75,8.5,764.25,False,False,Evening,23.84,0.3
2018-08-30 19:00:00,749.75,4.5,745.25,False,False,Evening,23.14,0.1
2018-08-30 20:00:00,591.5,3.25,588.25,False,False,Evening,23.24,0.1
2018-08-30 21:00:00,449.75,4.0,445.75,False,False,Evening,23.539999,0.0
2018-08-30 22:00:00,302.75,3.5,299.25,False,False,Evening,23.539999,0.0
2018-08-30 23:00:00,196.0,1.5,194.5,False,False,Evening,23.39,0.0
2018-08-31 00:00:00,181.25,1.75,179.5,False,True,Night,20.539999,0.1
2018-08-31 01:00:00,148.75,2.0,146.75,False,True,Night,20.24,1.1
2018-08-31 02:00:00,96.0,1.25,94.75,False,True,Night,20.189999,0.8
2018-08-31 03:00:00,50.5,0.25,50.25,False,True,Night,20.439999,0.6
2018-08-31 04:00:00,21.75,0.0,21.75,False,True,Night,20.439999,1.7
2018-08-31 05:00:00,30.25,0.25,30.0,False,True,Night,20.49,2.2
2018-08-31 06:00:00,48.0,0.25,47.75,False,True,Morning,20.789999,1.5
2018-08-31 07:00:00,219.75,2.0,217.75,False,True,Morning,20.34,1.1
2018-08-31 08:00:00,150.75,3.5,147.25,False,True,Morning,20.689999,0.2
2018-08-31 09:00:00,298.5,4.25,294.25,False,True,Morning,21.689999,0.3
2018-08-31 10:00:00,189.0,1.75,187.25,False,True,Morning,21.939999,0.3
2018-08-31 11:00:00,239.5,1.75,237.75,False,True,Morning,21.84,0.1
2018-08-31 12:00:00,276.75,1.0,275.75,False,True,Afternoon,21.84,0.0
2018-08-31 13:00:00,354.0,1.5,352.5,False,True,Afternoon,21.539999,3.2
2018-08-31 14:00:00,466.5,4.75,461.75,False,True,Afternoon,21.939999,1.1
2018-08-31 15:00:00,586.25,6.0,580.25,False,True,Afternoon,22.34,0.1
2018-08-31 16:00:00,520.5,7.25,513.25,False,True,Afternoon,23.189999,0.0
2018-08-31 17:00:00,571.0,6.0,565.0,False,True,Afternoon,23.189999,0.0
2018-08-31 18:00:00,620.25,6.75,613.5,False,True,Evening,22.14,0.0
2018-08-31 19:00:00,604.5,4.75,599.75,False,True,Evening,21.189999,0.0
2018-08-31 20:00:00,559.75,3.5,556.25,False,True,Evening,20.49,0.0
2018-08-31 21:00:00,455.75,3.25,452.5,False,True,Evening,20.289999,0.0
2018-08-31 22:00:00,315.0,4.0,311.0,False,True,Evening,20.189999,0.0
2018-08-31 23:00:00,288.5,4.0,284.5,False,True,Evening,20.039999,0.0
2018-09-01 00:00:00,280.75,3.5,277.25,True,True,Night,21.84,0.0
2018-09-01 01:00:00,213.75,2.75,211.0,True,True,Night,20.939999,0.7
2018-09-01 02:00:00,162.75,2.5,160.25,True,True,Night,20.789999,0.4
2018-09-01 03:00:00,126.25,0.75,125.5,True,True,Night,20.49,1.1
2018-09-01 04:00:00,85.75,1.0,84.75,True,True,Night,20.689999,1.7
2018-09-01 05:00:00,91.5,2.75,88.75,True,True,Night,20.539999,0.6
2018-09-01 06:00:00,102.0,1.25,100.75,True,True,Morning,20.99,0.1
2018-09-01 07:00:00,107.75,1.0,106.75,True,True,Morning,21.64,0.0
2018-09-01 08:00:00,151.5,2.75,148.75,True,True,Morning,22.14,0.0
2018-09-01 09:00:00,204.5,1.25,203.25,True,True,Morning,22.34,0.1
2018-09-01 10:00:00,253.25,2.0,251.25,True,True,Morning,22.439999,0.1
2018-09-01 11:00:00,158.5,2.0,156.5,True,True,Morning,22.74,0.1
2018-09-01 12:00:00,216.0,1.5,214.5,True,True,Afternoon,24.14,0.0
2018-09-01 13:00:00,252.75,4.0,248.75,True,True,Afternoon,24.34,0.1
2018-09-01 14:00:00,307.25,3.75,303.5,True,True,Afternoon,24.34,0.0
2018-09-01 15:00:00,259.0,3.75,255.25,True,True,Afternoon,24.49,0.0
2018-09-01 16:00:00,336.25,3.25,333.0,True,True,Afternoon,24.39,0.0
2018-09-01 17:00:00,358.5,5.0,353.5,True,True,Afternoon,24.039999,0.0
2018-09-01 18:00:00,414.0,3.75,410.25,True,True,Evening,23.189999,0.0
2018-09-01 19:00:00,426.75,5.75,421.0,True,True,Evening,22.24,0.0
2018-09-01 20:00:00,415.25,4.25,411.0,True,True,Evening,22.289999,0.0
2018-09-01 21:00:00,365.25,3.75,361.5,True,True,Evening,21.289999,0.0
2018-09-01 22:00:00,263.5,3.25,260.25,True,True,Evening,21.39,0.0
2018-09-01 23:00:00,219.5,3.5,216.0,True,True,Evening,21.289999,0.0
2018-09-02 00:00:00,230.5,4.5,226.0,True,False,Night,20.74,0.0
2018-09-02 01:00:00,201.0,3.75,197.25,True,False,Night,20.39,0.3
2018-09-02 02:00:00,126.25,2.75,123.5,True,False,Night,20.14,0.3
2018-09-02 03:00:00,97.75,3.0,94.75,True,False,Night,19.789999,0.7
2018-09-02 04:00:00,77.25,1.5,75.75,True,False,Night,20.039999,0.1
2018-09-02 05:00:00,65.0,1.25,63.75,True,False,Night,19.74,0.1
2018-09-02 06:00:00,79.0,2.5,76.5,True,False,Morning,20.14,0.1
2018-09-02 07:00:00,75.5,2.0,73.5,True,False,Morning,20.689999,0.0
2018-09-02 08:00:00,97.75,1.5,96.25,True,False,Morning,21.439999,0.0
2018-09-02 09:00:00,138.0,1.5,136.5,True,False,Morning,22.34,0.0
2018-09-02 10:00:00,190.5,3.0,187.5,True,False,Morning,23.39,0.0
2018-09-02 11:00:00,271.5,4.75,266.75,True,False,Morning,24.14,0.0
2018-09-02 12:00:00,312.0,4.5,307.5,True,False,Afternoon,25.49,0.0
2018-09-02 13:00:00,382.75,8.25,374.5,True,False,Afternoon,25.14,0.0
2018-09-02 14:00:00,409.25,4.75,404.5,True,False,Afternoon,25.24,0.0
2018-09-02 15:00:00,344.5,3.25,341.25,True,False,Afternoon,24.789999,0.0
2018-09-02 16:00:00,404.0,5.25,398.75,True,False,Afternoon,24.59,0.0
2018-09-02 17:00:00,439.75,7.25,432.5,True,False,Afternoon,24.289999,0.0
2018-09-02 18:00:00,511.5,7.0,504.5,True,False,Evening,23.539999,0.0
2018-09-02 19:00:00,489.75,7.5,482.25,True,False,Evening,22.539999,0.0
2018-09-02 20:00:00,483.25,8.0,475.25,True,False,Evening,22.24,0.0
2018-09-02 21:00:00,380.25,6.75,373.5,True,False,Evening,22.09,0.0
2018-09-02 22:00:00,250.75,6.0,244.75,True,False,Evening,22.09,0.0
2018-09-02 23:00:00,212.5,3.75,208.75,True,False,Evening,21.789999,0.0
2018-09-03 00:00:00,199.25,5.25,194.0,False,False,Night,21.189999,0.0
2018-09-03 01:00:00,122.75,2.75,120.0,False,False,Night,21.34,1.2
2018-09-03 02:00:00,46.0,2.5,43.5,False,False,Night,21.14,0.6
2018-09-03 03:00:00,17.75,2.0,15.75,False,False,Night,21.09,0.4
2018-09-03 04:00:00,16.0,2.0,14.0,False,False,Night,21.189999,0.2
2018-09-03 05:00:00,41.75,2.25,39.5,False,False,Night,21.289999,0.1
2018-09-03 06:00:00,111.25,3.5,107.75,False,False,Morning,21.34,0.1
2018-09-03 07:00:00,398.5,4.5,394.0,False,False,Morning,21.89,0.2
2018-09-03 08:00:00,747.25,16.0,731.25,False,False,Morning,22.189999,0.4
2018-09-03 09:00:00,541.25,12.25,529.0,False,False,Morning,22.74,0.5
2018-09-03 10:00:00,331.25,4.25,327.0,False,False,Morning,23.64,0.5
2018-09-03 11:00:00,319.75,3.0,316.75,False,False,Morning,23.99,0.5
2018-09-03 12:00:00,340.5,2.5,338.0,False,False,Afternoon,25.99,0.6
2018-09-03 13:00:00,419.75,3.5,416.25,False,False,Afternoon,26.189999,0.3
2018-09-03 14:00:00,524.5,4.0,520.5,False,False,Afternoon,25.84,0.5
2018-09-03 15:00:00,524.5,6.0,518.5,False,False,Afternoon,25.789999,0.5
2018-09-03 16:00:00,510.5,9.5,501.0,False,False,Afternoon,25.189999,0.4
2018-09-03 17:00:00,647.25,12.25,635.0,False,False,Afternoon,23.24,2.3
2018-09-03 18:00:00,910.25,18.5,891.75,False,False,Evening,22.24,0.0
2018-09-03 19:00:00,853.75,16.5,837.25,False,False,Evening,21.689999,0.0
2018-09-03 20:00:00,696.5,7.0,689.5,False,False,Evening,21.24,0.0
2018-09-03 21:00:00,480.5,6.5,474.0,False,False,Evening,20.64,0.0
2018-09-03 22:00:00,339.0,7.25,331.75,False,False,Evening,20.74,0.0
2018-09-03 23:00:00,221.5,5.0,216.5,False,False,Evening,20.64,0.0
2018-09-04 00:00:00,175.75,3.25,172.5,False,False,Night,21.789999,0.0
2018-09-04 01:00:00,116.0,3.25,112.75,False,False,Night,20.39,7.0
2018-09-04 02:00:00,45.25,4.5,40.75,False,False,Night,20.689999,0.0
2018-09-04 03:00:00,20.0,3.75,16.25,False,False,Night,20.24,0.0
2018-09-04 04:00:00,19.0,3.0,16.0,False,False,Night,20.189999,0.3
2018-09-04 05:00:00,42.25,3.0,39.25,False,False,Night,20.289999,0.1
2018-09-04 06:00:00,114.5,4.25,110.25,False,False,Morning,20.539999,0.0
2018-09-04 07:00:00,433.5,5.5,428.0,False,False,Morning,21.74,0.0
2018-09-04 08:00:00,848.5,19.25,829.25,False,False,Morning,23.09,0.0
2018-09-04 09:00:00,616.5,13.0,603.5,False,False,Morning,24.34,0.0
2018-09-04 10:00:00,359.25,5.75,353.5,False,False,Morning,24.64,0.0
2018-09-04 11:00:00,365.25,6.0,359.25,False,False,Morning,25.64,0.0
2018-09-04 12:00:00,378.0,1.5,376.5,False,False,Afternoon,25.74,0.0
2018-09-04 13:00:00,445.5,2.5,443.0,False,False,Afternoon,25.539999,0.0
2018-09-04 14:00:00,540.25,4.0,536.25,False,False,Afternoon,24.939999,0.0
2018-09-04 15:00:00,540.5,4.5,536.0,False,False,Afternoon,25.14,0.0
2018-09-04 16:00:00,516.5,6.25,510.25,False,False,Afternoon,24.789999,0.0
2018-09-04 17:00:00,674.75,7.75,667.0,False,False,Afternoon,23.89,0.0
2018-09-04 18:00:00,956.25,12.75,943.5,False,False,Evening,22.84,0.0
2018-09-04 19:00:00,875.75,9.5,866.25,False,False,Evening,22.24,0.0
2018-09-04 20:00:00,705.75,8.5,697.25,False,False,Evening,21.689999,0.0
2018-09-04 21:00:00,543.75,5.5,538.25,False,False,Evening,21.24,0.0
2018-09-04 22:00:00,344.0,2.75,341.25,False,False,Evening,21.99,0.0
2018-09-04 23:00:00,274.75,3.25,271.5,False,False,Evening,20.439999,0.0
2018-09-05 00:00:00,248.25,4.75,243.5,False,False,Night,20.939999,0.0
2018-09-05 01:00:00,146.0,3.0,143.0,False,False,Night,20.789999,0.0
2018-09-05 02:00:00,60.25,2.5,57.75,False,False,Night,20.64,0.0
2018-09-05 03:00:00,21.0,1.0,20.0,False,False,Night,20.09,0.0
2018-09-05 04:00:00,18.5,1.0,17.5,False,False,Night,19.89,0.0
2018-09-05 05:00:00,43.75,1.25,42.5,False,False,Night,19.689999,0.0
2018-09-05 06:00:00,108.75,1.75,107.0,False,False,Morning,20.039999,0.0
2018-09-05 07:00:00,409.25,5.25,404.0,False,False,Morning,22.39,0.0
2018-09-05 08:00:00,850.0,16.25,833.75,False,False,Morning,24.24,0.0
2018-09-05 09:00:00,616.5,13.75,602.75,False,False,Morning,25.09,0.0
2018-09-05 10:00:00,365.25,2.25,363.0,False,False,Morning,25.34,0.0
2018-09-05 11:00:00,369.75,1.75,368.0,False,False,Morning,25.74,0.0
2018-09-05 12:00:00,395.0,0.75,394.25,False,False,Afternoon,25.939999,0.0
2018-09-05 13:00:00,449.75,1.75,448.0,False,False,Afternoon,26.64,0.1
2018-09-05 14:00:00,541.0,4.5,536.5,False,False,Afternoon,25.939999,0.3
2018-09-05 15:00:00,560.0,7.5,552.5,False,False,Afternoon,25.84,1.8
2018-09-05 16:00:00,527.75,4.25,523.5,False,False,Afternoon,24.49,1.2
2018-09-05 17:00:00,685.5,10.5,675.0,False,False,Afternoon,21.189999,0.9
2018-09-05 18:00:00,953.75,10.25,943.5,False,False,Evening,21.289999,1.2
2018-09-05 19:00:00,901.25,9.5,891.75,False,False,Evening,20.74,0.1
2018-09-05 20:00:00,740.0,7.75,732.25,False,False,Evening,20.84,0.0
2018-09-05 21:00:00,554.0,7.0,547.0,False,False,Evening,20.439999,0.0
2018-09-05 22:00:00,402.75,4.25,398.5,False,False,Evening,20.49,0.0
2018-09-05 23:00:00,307.25,3.75,303.5,False,False,Evening,20.39,0.0
2018-09-06 00:00:00,274.25,5.0,269.25,False,False,Night,19.689999,0.0
2018-09-06 01:00:00,170.25,2.0,168.25,False,False,Night,19.689999,1.2
2018-09-06 02:00:00,66.75,1.0,65.75,False,False,Night,19.34,5.2
2018-09-06 03:00:00,31.0,0.0,31.0,False,False,Night,19.24,1.8
2018-09-06 04:00:00,28.75,0.0,28.75,False,False,Night,19.24,0.1
2018-09-06 05:00:00,50.5,0.0,50.5,False,False,Night,18.84,0.0
2018-09-06 06:00:00,107.75,0.75,107.0,False,False,Morning,19.289999,0.0
2018-09-06 07:00:00,375.25,2.5,372.75,False,False,Morning,20.34,0.0
2018-09-06 08:00:00,806.5,13.5,793.0,False,False,Morning,21.59,0.0
2018-09-06 09:00:00,704.0,11.0,693.0,False,False,Morning,23.039999,0.0
2018-09-06 10:00:00,426.0,4.75,421.25,False,False,Morning,24.49,0.0
2018-09-06 11:00:00,426.25,2.5,423.75,False,False,Morning,23.789999,0.0
2018-09-06 12:00:00,490.5,2.75,487.75,False,False,Afternoon,24.039999,0.1
2018-09-06 13:00:00,573.25,3.75,569.5,False,False,Afternoon,25.289999,0.1
2018-09-06 14:00:00,683.5,9.75,673.75,False,False,Afternoon,23.789999,0.3
2018-09-06 15:00:00,650.0,6.25,643.75,False,False,Afternoon,23.439999,0.0
2018-09-06 16:00:00,642.5,7.0,635.5,False,False,Afternoon,23.49,0.0
2018-09-06 17:00:00,577.25,5.75,571.5,False,False,Afternoon,23.34,0.0
2018-09-06 18:00:00,479.5,4.0,475.5,False,False,Evening,22.74,0.0
2018-09-06 19:00:00,781.75,8.5,773.25,False,False,Evening,21.74,0.0
2018-09-06 20:00:00,518.25,3.25,515.0,False,False,Evening,20.89,0.0
2018-09-06 21:00:00,345.0,2.0,343.0,False,False,Evening,20.789999,0.0
2018-09-06 22:00:00,347.5,5.0,342.5,False,False,Evening,20.039999,0.0
2018-09-06 23:00:00,338.5,4.0,334.5,False,False,Evening,19.89,0.0
2018-09-07 00:00:00,310.75,2.5,308.25,False,True,Night,19.89,0.3
2018-09-07 01:00:00,183.75,1.75,182.0,False,True,Night,19.99,0.1
2018-09-07 02:00:00,111.75,1.0,110.75,False,True,Night,19.539999,0.2
2018-09-07 03:00:00,68.0,1.0,67.0,False,True,Night,19.24,0.0
2018-09-07 04:00:00,48.0,0.5,47.5,False,True,Night,18.789999,0.0
2018-09-07 05:00:00,78.0,0.0,78.0,False,True,Night,18.49,0.0
2018-09-07 06:00:00,141.25,0.25,141.0,False,True,Morning,18.74,0.0
2018-09-07 07:00:00,410.5,2.75,407.75,False,True,Morning,20.59,0.0
2018-09-07 08:00:00,781.0,10.75,770.25,False,True,Morning,22.39,0.0
2018-09-07 09:00:00,604.75,8.5,596.25,False,True,Morning,23.939999,0.0
2018-09-07 10:00:00,375.5,3.0,372.5,False,True,Morning,24.89,0.0
2018-09-07 11:00:00,362.0,2.25,359.75,False,True,Morning,25.539999,0.1
2018-09-07 12:00:00,396.0,3.0,393.0,False,True,Afternoon,24.24,0.1
2018-09-07 13:00:00,464.75,3.5,461.25,False,True,Afternoon,25.59,0.1
2018-09-07 14:00:00,644.0,7.0,637.0,False,True,Afternoon,25.39,0.4
2018-09-07 15:00:00,700.5,9.25,691.25,False,True,Afternoon,25.34,0.0
2018-09-07 16:00:00,581.0,8.5,572.5,False,True,Afternoon,24.99,0.0
2018-09-07 17:00:00,635.5,9.5,626.0,False,True,Afternoon,24.39,0.0
2018-09-07 18:00:00,722.25,6.25,716.0,False,True,Evening,23.189999,0.0
2018-09-07 19:00:00,683.75,5.5,678.25,False,True,Evening,21.89,0.0
2018-09-07 20:00:00,615.5,9.75,605.75,False,True,Evening,23.14,0.0
2018-09-07 21:00:00,471.25,8.5,462.75,False,True,Evening,22.89,0.0
2018-09-07 22:00:00,236.75,3.5,233.25,False,True,Evening,20.189999,0.0
2018-09-07 23:00:00,171.5,2.75,168.75,False,True,Evening,20.34,0.0
2018-09-08 00:00:00,215.75,4.5,211.25,True,True,Night,19.84,0.0
2018-09-08 01:00:00,205.25,5.0,200.25,True,True,Night,19.39,0.0
2018-09-08 02:00:00,142.25,3.25,139.0,True,True,Night,19.289999,0.0
2018-09-08 03:00:00,120.5,2.75,117.75,True,True,Night,18.89,0.0
2018-09-08 04:00:00,77.25,2.0,75.25,True,True,Night,18.99,0.0
2018-09-08 05:00:00,74.75,2.0,72.75,True,True,Night,18.789999,0.0
2018-09-08 06:00:00,102.5,2.5,100.0,True,True,Morning,19.039999,0.0
2018-09-08 07:00:00,109.75,2.25,107.5,True,True,Morning,20.99,0.0
2018-09-08 08:00:00,145.75,4.0,141.75,True,True,Morning,22.34,0.2
2018-09-08 09:00:00,213.25,3.0,210.25,True,True,Morning,23.539999,0.1
2018-09-08 10:00:00,274.25,3.25,271.0,True,True,Morning,24.189999,0.5
2018-09-08 11:00:00,342.75,6.0,336.75,True,True,Morning,24.34,0.2
2018-09-08 12:00:00,392.25,4.75,387.5,True,True,Afternoon,24.24,0.1
2018-09-08 13:00:00,415.25,3.5,411.75,True,True,Afternoon,25.14,0.0
2018-09-08 14:00:00,400.5,4.25,396.25,True,True,Afternoon,24.64,0.1
2018-09-08 15:00:00,348.25,3.5,344.75,True,True,Afternoon,24.64,0.0
2018-09-08 16:00:00,384.25,2.0,382.25,True,True,Afternoon,24.439999,0.1
2018-09-08 17:00:00,401.5,8.0,393.5,True,True,Afternoon,24.34,0.0
2018-09-08 18:00:00,441.5,2.75,438.75,True,True,Evening,23.24,0.0
2018-09-08 19:00:00,484.0,4.75,479.25,True,True,Evening,23.689999,0.0
2018-09-08 20:00:00,455.75,3.75,452.0,True,True,Evening,21.84,0.0
2018-09-08 21:00:00,376.5,1.25,375.25,True,True,Evening,21.09,0.0
2018-09-08 22:00:00,281.25,1.25,280.0,True,True,Evening,21.09,0.0
2018-09-08 23:00:00,273.75,3.25,270.5,True,True,Evening,20.689999,0.0
2018-09-09 00:00:00,263.5,5.0,258.5,True,False,Night,20.89,0.0
2018-09-09 01:00:00,192.75,4.0,188.75,True,False,Night,20.64,0.0
2018-09-09 02:00:00,143.75,2.25,141.5,True,False,Night,20.439999,0.0
2018-09-09 03:00:00,128.25,2.0,126.25,True,False,Night,20.24,0.3
2018-09-09 04:00:00,103.25,0.75,102.5,True,False,Night,20.09,0.7
2018-09-09 05:00:00,84.5,0.25,84.25,True,False,Night,19.89,0.0
2018-09-09 06:00:00,87.5,0.75,86.75,True,False,Morning,20.09,0.0
2018-09-09 07:00:00,96.5,0.25,96.25,True,False,Morning,21.539999,0.0
2018-09-09 08:00:00,100.25,0.75,99.5,True,False,Morning,23.039999,0.0
2018-09-09 09:00:00,140.5,1.0,139.5,True,False,Morning,24.689999,0.0
2018-09-09 10:00:00,192.75,0.75,192.0,True,False,Morning,25.59,0.0
2018-09-09 11:00:00,272.75,2.0,270.75,True,False,Morning,25.689999,0.1
2018-09-09 12:00:00,315.5,3.0,312.5,True,False,Afternoon,25.439999,0.1
2018-09-09 13:00:00,344.5,3.75,340.75,True,False,Afternoon,24.24,2.1
2018-09-09 14:00:00,353.0,1.75,351.25,True,False,Afternoon,23.789999,1.4
2018-09-09 15:00:00,285.0,3.0,282.0,True,False,Afternoon,24.14,0.1
2018-09-09 16:00:00,325.0,1.75,323.25,True,False,Afternoon,24.14,0.0
2018-09-09 17:00:00,367.5,4.0,363.5,True,False,Afternoon,23.289999,0.5
2018-09-09 18:00:00,388.25,6.25,382.0,True,False,Evening,22.189999,0.3
2018-09-09 19:00:00,423.75,2.75,421.0,True,False,Evening,21.49,0.0
2018-09-09 20:00:00,445.25,4.0,441.25,True,False,Evening,21.289999,0.0
2018-09-09 21:00:00,345.75,3.0,342.75,True,False,Evening,20.939999,0.0
2018-09-09 22:00:00,261.5,2.25,259.25,True,False,Evening,20.34,0.0
2018-09-09 23:00:00,227.5,1.25,226.25,True,False,Evening,19.689999,0.0
2018-09-10 00:00:00,192.75,3.25,189.5,False,True,Night,21.74,0.0
2018-09-10 01:00:00,133.75,2.5,131.25,False,True,Night,21.289999,0.0
2018-09-10 02:00:00,46.0,0.5,45.5,False,True,Night,21.09,0.1
2018-09-10 03:00:00,15.0,0.0,15.0,False,True,Night,20.939999,0.0
2018-09-10 04:00:00,14.0,0.0,14.0,False,True,Night,20.99,0.0
2018-09-10 05:00:00,36.25,0.0,36.25,False,True,Night,20.84,0.0
2018-09-10 06:00:00,90.25,1.0,89.25,False,True,Morning,20.84,0.0
2018-09-10 07:00:00,305.0,2.5,302.5,False,True,Morning,22.49,0.0
2018-09-10 08:00:00,598.5,10.0,588.5,False,True,Morning,23.289999,0.0
2018-09-10 09:00:00,454.25,7.25,447.0,False,True,Morning,23.74,0.0
2018-09-10 10:00:00,291.75,2.0,289.75,False,True,Morning,24.74,0.0
2018-09-10 11:00:00,313.75,1.75,312.0,False,True,Morning,24.439999,0.0
2018-09-10 12:00:00,346.75,1.25,345.5,False,True,Afternoon,24.74,0.0
2018-09-10 13:00:00,413.25,2.75,410.5,False,True,Afternoon,24.789999,0.1
2018-09-10 14:00:00,460.0,5.0,455.0,False,True,Afternoon,23.439999,0.6
2018-09-10 15:00:00,448.5,6.25,442.25,False,True,Afternoon,22.689999,0.8
2018-09-10 16:00:00,434.75,9.0,425.75,False,True,Afternoon,22.939999,0.5
2018-09-10 17:00:00,576.75,7.0,569.75,False,True,Afternoon,22.689999,0.2
2018-09-10 18:00:00,768.5,11.75,756.75,False,True,Evening,21.939999,0.0
2018-09-10 19:00:00,710.0,8.25,701.75,False,True,Evening,21.24,0.0
2018-09-10 20:00:00,656.25,8.75,647.5,False,True,Evening,20.64,0.0
2018-09-10 21:00:00,494.75,4.75,490.0,False,True,Evening,20.289999,0.0
2018-09-10 22:00:00,376.0,4.0,372.0,False,True,Evening,19.59,0.0
2018-09-10 23:00:00,296.25,4.5,291.75,False,True,Evening,19.189999,0.0
2018-09-11 00:00:00,245.75,5.5,240.25,True,False,Night,20.539999,0.0
2018-09-11 01:00:00,177.0,4.25,172.75,True,False,Night,19.59,0.0
2018-09-11 02:00:00,124.75,1.0,123.75,True,False,Night,19.84,0.0
2018-09-11 03:00:00,111.5,1.5,110.0,True,False,Night,20.09,0.0
2018-09-11 04:00:00,68.25,0.5,67.75,True,False,Night,19.84,0.0
2018-09-11 05:00:00,69.0,0.5,68.5,True,False,Night,19.64,0.0
2018-09-11 06:00:00,85.75,0.75,85.0,True,False,Morning,19.49,0.0
2018-09-11 07:00:00,127.25,1.0,126.25,True,False,Morning,21.289999,0.0
2018-09-11 08:00:00,209.75,3.0,206.75,True,False,Morning,24.14,0.0
2018-09-11 09:00:00,237.5,2.0,235.5,True,False,Morning,26.439999,0.0
2018-09-11 10:00:00,302.25,2.25,300.0,True,False,Morning,27.49,0.0
2018-09-11 11:00:00,367.25,4.0,363.25,True,False,Morning,27.789999,0.0
2018-09-11 12:00:00,444.5,4.25,440.25,True,False,Afternoon,27.789999,0.0
2018-09-11 13:00:00,474.0,5.75,468.25,True,False,Afternoon,27.189999,0.0
2018-09-11 14:00:00,446.5,5.25,441.25,True,False,Afternoon,26.89,0.0
2018-09-11 15:00:00,432.5,5.0,427.5,True,False,Afternoon,26.039999,0.0
2018-09-11 16:00:00,462.75,2.5,460.25,True,False,Afternoon,25.49,0.0
2018-09-11 17:00:00,506.25,6.0,500.25,True,False,Afternoon,24.74,0.0
2018-09-11 18:00:00,635.75,8.0,627.75,True,False,Evening,22.99,0.0
2018-09-11 19:00:00,619.25,5.0,614.25,True,False,Evening,22.84,0.0
2018-09-11 20:00:00,568.5,4.25,564.25,True,False,Evening,21.64,0.0
2018-09-11 21:00:00,427.75,3.0,424.75,True,False,Evening,21.49,0.0
2018-09-11 22:00:00,321.25,2.25,319.0,True,False,Evening,21.64,0.0
2018-09-11 23:00:00,323.25,2.75,320.5,True,False,Evening,21.189999,0.2
2018-09-12 00:00:00,265.0,2.5,262.5,False,False,Night,21.64,0.0
2018-09-12 01:00:00,156.75,1.5,155.25,False,False,Night,20.74,0.8
2018-09-12 02:00:00,64.0,0.0,64.0,False,False,Night,20.689999,0.2
2018-09-12 03:00:00,35.75,0.0,35.75,False,False,Night,20.289999,0.0
2018-09-12 04:00:00,34.25,0.0,34.25,False,False,Night,20.24,0.0
2018-09-12 05:00:00,52.5,0.0,52.5,False,False,Night,20.039999,0.0
2018-09-12 06:00:00,124.75,1.0,123.75,False,False,Morning,20.439999,0.0
2018-09-12 07:00:00,459.0,5.5,453.5,False,False,Morning,21.99,0.0
2018-09-12 08:00:00,832.75,19.0,813.75,False,False,Morning,23.84,0.1
2018-09-12 09:00:00,718.5,18.25,700.25,False,False,Morning,24.939999,0.1
2018-09-12 10:00:00,444.5,8.75,435.75,False,False,Morning,25.439999,0.0
2018-09-12 11:00:00,439.5,10.75,428.75,False,False,Morning,26.289999,0.0
2018-09-12 12:00:00,447.75,10.75,437.0,False,False,Afternoon,25.14,0.8
2018-09-12 13:00:00,504.0,10.5,493.5,False,False,Afternoon,25.84,0.1
2018-09-12 14:00:00,584.0,11.5,572.5,False,False,Afternoon,25.289999,0.3
2018-09-12 15:00:00,573.25,11.75,561.5,False,False,Afternoon,25.24,0.2
2018-09-12 16:00:00,581.25,15.5,565.75,False,False,Afternoon,25.34,0.0
2018-09-12 17:00:00,715.5,14.5,701.0,False,False,Afternoon,24.64,0.0
2018-09-12 18:00:00,1025.75,15.5,1010.25,False,False,Evening,23.789999,0.0
2018-09-12 19:00:00,243.75,4.25,239.5,False,False,Evening,22.49,0.0
2018-09-12 20:00:00,296.5,1.75,294.75,False,False,Evening,22.34,0.0
2018-09-12 21:00:00,312.75,0.75,312.0,False,False,Evening,21.64,0.0
2018-09-12 22:00:00,266.5,2.0,264.5,False,False,Evening,21.24,0.0
2018-09-12 23:00:00,240.5,2.25,238.25,False,False,Evening,20.59,0.0
2018-09-13 00:00:00,226.25,4.0,222.25,False,False,Night,21.39,0.0
2018-09-13 01:00:00,138.0,0.25,137.75,False,False,Night,21.14,0.0
2018-09-13 02:00:00,52.75,0.75,52.0,False,False,Night,21.34,0.0
2018-09-13 03:00:00,29.25,0.0,29.25,False,False,Night,20.189999,0.0
2018-09-13 04:00:00,25.0,0.0,25.0,False,False,Night,19.539999,0.0
2018-09-13 05:00:00,41.5,0.5,41.0,False,False,Night,19.539999,0.0
2018-09-13 06:00:00,115.5,0.5,115.0,False,False,Morning,19.89,0.0
2018-09-13 07:00:00,448.0,3.25,444.75,False,False,Morning,21.289999,0.0
2018-09-13 08:00:00,877.75,18.25,859.5,False,False,Morning,23.289999,0.0
2018-09-13 09:00:00,688.25,12.5,675.75,False,False,Morning,25.49,0.0
2018-09-13 10:00:00,392.25,4.25,388.0,False,False,Morning,27.289999,0.0
2018-09-13 11:00:00,400.0,4.75,395.25,False,False,Morning,28.14,0.1
2018-09-13 12:00:00,458.75,2.0,456.75,False,False,Afternoon,27.189999,0.4
2018-09-13 13:00:00,534.0,4.25,529.75,False,False,Afternoon,26.84,0.0
2018-09-13 14:00:00,617.25,7.75,609.5,False,False,Afternoon,26.64,0.0
2018-09-13 15:00:00,585.75,5.75,580.0,False,False,Afternoon,26.64,0.0
2018-09-13 16:00:00,608.25,8.25,600.0,False,False,Afternoon,26.14,0.0
2018-09-13 17:00:00,735.5,8.25,727.25,False,False,Afternoon,25.439999,0.0
2018-09-13 18:00:00,978.0,13.5,964.5,False,False,Evening,24.289999,0.0
2018-09-13 19:00:00,894.25,13.25,881.0,False,False,Evening,23.439999,0.0
2018-09-13 20:00:00,740.75,6.75,734.0,False,False,Evening,22.84,0.0
2018-09-13 21:00:00,563.0,4.5,558.5,False,False,Evening,22.34,0.0
2018-09-13 22:00:00,395.25,3.75,391.5,False,False,Evening,21.59,0.0
2018-09-13 23:00:00,314.0,4.25,309.75,False,False,Evening,21.09,0.0
2018-09-14 00:00:00,262.0,6.25,255.75,False,True,Night,21.439999,0.0
2018-09-14 01:00:00,147.25,1.75,145.5,False,True,Night,21.39,0.0
2018-09-14 02:00:00,92.0,1.25,90.75,False,True,Night,20.39,0.0
2018-09-14 03:00:00,43.75,0.75,43.0,False,True,Night,19.74,0.0
2018-09-14 04:00:00,23.0,0.0,23.0,False,True,Night,19.14,0.0
2018-09-14 05:00:00,52.75,0.0,52.75,False,True,Night,19.539999,0.0
2018-09-14 06:00:00,106.75,0.5,106.25,False,True,Morning,20.49,0.0
2018-09-14 07:00:00,449.0,5.25,443.75,False,True,Morning,22.64,0.0
2018-09-14 08:00:00,824.25,15.75,808.5,False,True,Morning,24.39,0.0
2018-09-14 09:00:00,647.0,12.0,635.0,False,True,Morning,25.539999,0.0
2018-09-14 10:00:00,429.5,3.0,426.5,False,True,Morning,25.64,0.0
2018-09-14 11:00:00,411.25,4.75,406.5,False,True,Morning,26.14,0.0
2018-09-14 12:00:00,465.6666666666667,7.666666666666667,458.0,False,True,Afternoon,25.99,0.0
2018-09-14 13:00:00,501.25,3.0,498.25,False,True,Afternoon,26.84,0.0
2018-09-14 14:00:00,677.75,5.75,672.0,False,True,Afternoon,27.289999,0.0
2018-09-14 15:00:00,702.0,10.25,691.75,False,True,Afternoon,26.689999,0.0
2018-09-14 16:00:00,633.0,9.75,623.25,False,True,Afternoon,26.289999,0.0
2018-09-14 17:00:00,708.75,8.75,700.0,False,True,Afternoon,25.789999,0.0
2018-09-14 18:00:00,772.5,6.5,766.0,False,True,Evening,24.39,0.0
2018-09-14 19:00:00,745.75,7.25,738.5,False,True,Evening,23.49,0.0
2018-09-14 20:00:00,691.25,4.0,687.25,False,True,Evening,23.64,0.0
2018-09-14 21:00:00,528.5,1.75,526.75,False,True,Evening,23.24,0.0
2018-09-14 22:00:00,357.5,1.25,356.25,False,True,Evening,22.09,0.0
2018-09-14 23:00:00,299.5,2.25,297.25,False,True,Evening,20.939999,0.0
2018-09-15 00:00:00,325.25,3.25,322.0,True,True,Night,21.289999,0.0
2018-09-15 01:00:00,234.0,3.0,231.0,True,True,Night,21.689999,0.2
2018-09-15 02:00:00,201.25,2.25,199.0,True,True,Night,22.09,0.4
2018-09-15 03:00:00,168.75,0.5,168.25,True,True,Night,21.789999,0.7
2018-09-15 04:00:00,120.75,0.25,120.5,True,True,Night,21.59,2.2
2018-09-15 05:00:00,83.25,0.5,82.75,True,True,Night,21.14,4.9
2018-09-15 06:00:00,96.5,0.25,96.25,True,True,Morning,21.289999,1.9
2018-09-15 07:00:00,115.25,0.5,114.75,True,True,Morning,21.689999,0.5
2018-09-15 08:00:00,167.0,1.0,166.0,True,True,Morning,22.64,0.0
2018-09-15 09:00:00,236.25,1.75,234.5,True,True,Morning,23.64,0.1
2018-09-15 10:00:00,291.25,1.75,289.5,True,True,Morning,24.59,0.0
2018-09-15 11:00:00,340.0,3.75,336.25,True,True,Morning,24.789999,0.0
2018-09-15 12:00:00,388.0,7.5,380.5,True,True,Afternoon,24.789999,0.0
2018-09-15 13:00:00,446.25,4.5,441.75,True,True,Afternoon,25.34,0.0
2018-09-15 14:00:00,426.5,5.0,421.5,True,True,Afternoon,24.939999,0.0
2018-09-15 15:00:00,340.75,5.5,335.25,True,True,Afternoon,24.289999,0.0
2018-09-15 16:00:00,429.75,3.25,426.5,True,True,Afternoon,23.89,0.0
2018-09-15 17:00:00,412.0,5.75,406.25,True,True,Afternoon,22.89,0.0
2018-09-15 18:00:00,443.75,2.75,441.0,True,True,Evening,21.59,0.9
2018-09-15 19:00:00,457.75,4.0,453.75,True,True,Evening,20.99,0.8
2018-09-15 20:00:00,482.0,4.0,478.0,True,True,Evening,20.689999,0.0
2018-09-15 21:00:00,403.25,2.5,400.75,True,True,Evening,20.189999,0.0
2018-09-15 22:00:00,293.75,1.5,292.25,True,True,Evening,19.84,0.0
2018-09-15 23:00:00,268.5,1.5,267.0,True,True,Evening,19.59,0.0
2018-09-16 00:00:00,167.75,2.0,165.75,True,False,Night,20.689999,0.0
2018-09-16 01:00:00,146.25,1.5,144.75,True,False,Night,20.59,2.0
2018-09-16 02:00:00,146.5,1.75,144.75,True,False,Night,20.34,3.2
2018-09-16 03:00:00,141.0,2.5,138.5,True,False,Night,20.14,2.8
2018-09-16 04:00:00,98.75,0.75,98.0,True,False,Night,20.14,2.7
2018-09-16 05:00:00,74.75,0.25,74.5,True,False,Night,20.09,1.8
2018-09-16 06:00:00,81.5,0.0,81.5,True,False,Morning,20.039999,0.3
2018-09-16 07:00:00,82.0,0.25,81.75,True,False,Morning,20.74,0.0
2018-09-16 08:00:00,121.25,0.0,121.25,True,False,Morning,21.439999,0.0
2018-09-16 09:00:00,153.25,1.5,151.75,True,False,Morning,22.789999,0.0
2018-09-16 10:00:00,238.0,2.25,235.75,True,False,Morning,23.789999,0.0
2018-09-16 11:00:00,288.75,4.0,284.75,True,False,Morning,24.939999,0.0
2018-09-16 12:00:00,297.0,2.0,295.0,True,False,Afternoon,24.64,0.0
2018-09-16 13:00:00,347.75,4.25,343.5,True,False,Afternoon,24.939999,0.0
2018-09-16 14:00:00,385.0,3.75,381.25,True,False,Afternoon,24.14,0.0
2018-09-16 15:00:00,334.0,2.25,331.75,True,False,Afternoon,24.14,0.0
2018-09-16 16:00:00,424.5,3.0,421.5,True,False,Afternoon,23.74,0.0
2018-09-16 17:00:00,475.25,5.25,470.0,True,False,Afternoon,23.09,0.0
2018-09-16 18:00:00,517.5,7.75,509.75,True,False,Evening,22.189999,0.0
2018-09-16 19:00:00,548.75,4.25,544.5,True,False,Evening,21.14,0.0
2018-09-16 20:00:00,536.25,5.25,531.0,True,False,Evening,20.439999,0.0
2018-09-16 21:00:00,381.0,2.25,378.75,True,False,Evening,20.09,0.0
2018-09-16 22:00:00,273.25,3.25,270.0,True,False,Evening,19.34,0.0
2018-09-16 23:00:00,234.25,2.75,231.5,True,False,Evening,19.539999,0.0
2018-09-17 00:00:00,173.0,2.75,170.25,False,False,Night,20.34,0.0
2018-09-17 01:00:00,102.75,1.0,101.75,False,False,Night,20.24,0.7
2018-09-17 02:00:00,35.75,1.25,34.5,False,False,Night,20.539999,0.0
2018-09-17 03:00:00,13.75,0.0,13.75,False,False,Night,20.189999,0.0
2018-09-17 04:00:00,10.25,0.0,10.25,False,False,Night,19.789999,0.0
2018-09-17 05:00:00,32.75,0.0,32.75,False,False,Night,19.439999,0.0
2018-09-17 06:00:00,105.75,0.0,105.75,False,False,Morning,19.24,0.0
2018-09-17 07:00:00,478.0,4.0,474.0,False,False,Morning,21.039999,0.0
2018-09-17 08:00:00,848.25,19.75,828.5,False,False,Morning,23.189999,0.0
2018-09-17 09:00:00,659.5,14.0,645.5,False,False,Morning,24.99,0.1
2018-09-17 10:00:00,370.75,3.0,367.75,False,False,Morning,24.99,0.3
2018-09-17 11:00:00,338.75,3.25,335.5,False,False,Morning,24.99,0.3
2018-09-17 12:00:00,384.5,6.0,378.5,False,False,Afternoon,25.439999,0.0
2018-09-17 13:00:00,464.0,4.0,460.0,False,False,Afternoon,25.49,0.0
2018-09-17 14:00:00,616.5,5.25,611.25,False,False,Afternoon,25.64,0.0
2018-09-17 15:00:00,593.6666666666666,7.666666666666667,586.0,False,False,Afternoon,25.039999,0.0
2018-09-17 16:00:00,594.0,6.25,587.75,False,False,Afternoon,24.789999,0.0
2018-09-17 17:00:00,733.0,5.0,728.0,False,False,Afternoon,24.14,0.0
2018-09-17 18:00:00,1072.0,11.75,1060.25,False,False,Evening,21.939999,0.0
2018-09-17 19:00:00,986.0,11.0,975.0,False,False,Evening,21.689999,0.0
2018-09-17 20:00:00,779.5,5.75,773.75,False,False,Evening,22.64,0.0
2018-09-17 21:00:00,527.25,5.0,522.25,False,False,Evening,22.59,0.0
2018-09-17 22:00:00,356.5,4.75,351.75,False,False,Evening,21.49,0.0
2018-09-17 23:00:00,252.25,4.0,248.25,False,False,Evening,21.34,0.0
2018-09-18 00:00:00,207.75,4.0,203.75,False,False,Night,20.89,0.0
2018-09-18 01:00:00,109.25,1.0,108.25,False,False,Night,20.189999,0.0
2018-09-18 02:00:00,56.75,0.5,56.25,False,False,Night,20.189999,0.0
2018-09-18 03:00:00,36.0,0.0,36.0,False,False,Night,20.34,0.0
2018-09-18 04:00:00,26.75,0.0,26.75,False,False,Night,20.289999,0.0
2018-09-18 05:00:00,40.75,0.0,40.75,False,False,Night,20.24,0.0
2018-09-18 06:00:00,112.25,0.0,112.25,False,False,Morning,20.24,0.0
2018-09-18 07:00:00,162.25,1.0,161.25,False,False,Morning,21.689999,0.1
2018-09-18 08:00:00,154.25,2.75,151.5,False,False,Morning,21.939999,1.1
2018-09-18 09:00:00,122.0,1.25,120.75,False,False,Morning,21.189999,2.6
2018-09-18 10:00:00,144.25,0.75,143.5,False,False,Morning,21.64,0.1
2018-09-18 11:00:00,266.0,1.25,264.75,False,False,Morning,23.64,0.0
2018-09-18 12:00:00,346.25,2.25,344.0,False,False,Afternoon,22.439999,0.1
2018-09-18 13:00:00,460.5,4.0,456.5,False,False,Afternoon,22.14,1.5
2018-09-18 14:00:00,617.75,6.5,611.25,False,False,Afternoon,22.49,3.4
2018-09-18 15:00:00,554.0,4.0,550.0,False,False,Afternoon,21.939999,1.8
2018-09-18 16:00:00,500.25,5.5,494.75,False,False,Afternoon,21.64,1.9
2018-09-18 17:00:00,496.75,5.25,491.5,False,False,Afternoon,21.34,1.1
2018-09-18 18:00:00,935.0,9.5,925.5,False,False,Evening,20.84,1.9
2018-09-18 19:00:00,850.5,9.75,840.75,False,False,Evening,20.59,1.1
2018-09-18 20:00:00,706.0,6.5,699.5,False,False,Evening,20.49,0.2
2018-09-18 21:00:00,605.25,7.75,597.5,False,False,Evening,20.789999,0.0
2018-09-18 22:00:00,360.0,7.5,352.5,False,False,Evening,19.39,0.0
2018-09-18 23:00:00,290.25,7.25,283.0,False,False,Evening,19.64,0.0
2018-09-19 00:00:00,223.5,4.75,218.75,False,False,Night,19.89,0.0
2018-09-19 01:00:00,115.5,5.0,110.5,False,False,Night,19.939999,0.1
2018-09-19 02:00:00,42.75,2.0,40.75,False,False,Night,19.84,0.0
2018-09-19 03:00:00,22.25,2.0,20.25,False,False,Night,19.99,0.0
2018-09-19 04:00:00,22.0,2.0,20.0,False,False,Night,19.789999,0.0
2018-09-19 05:00:00,41.25,2.0,39.25,False,False,Night,19.14,0.0
2018-09-19 06:00:00,129.0,2.25,126.75,False,False,Morning,19.14,0.0
2018-09-19 07:00:00,506.25,5.75,500.5,False,False,Morning,20.289999,0.0
2018-09-19 08:00:00,969.0,18.33333333333333,950.6666666666666,False,False,Morning,22.64,0.0
2018-09-19 09:00:00,744.25,16.5,727.75,False,False,Morning,24.34,0.0
2018-09-19 10:00:00,410.5,7.25,403.25,False,False,Morning,25.39,0.0
2018-09-19 11:00:00,382.25,5.0,377.25,False,False,Morning,25.99,0.0
2018-09-19 12:00:00,448.5,4.5,444.0,False,False,Afternoon,26.39,0.0
2018-09-19 13:00:00,519.75,5.75,514.0,False,False,Afternoon,25.789999,0.3
2018-09-19 14:00:00,688.75,10.5,678.25,False,False,Afternoon,25.59,0.0
2018-09-19 15:00:00,602.25,9.75,592.5,False,False,Afternoon,25.539999,0.0
2018-09-19 16:00:00,601.25,8.5,592.75,False,False,Afternoon,24.689999,0.0
2018-09-19 17:00:00,738.75,11.0,727.75,False,False,Afternoon,24.039999,0.0
2018-09-19 18:00:00,1042.5,13.25,1029.25,False,False,Evening,22.789999,0.0
2018-09-19 19:00:00,1031.25,11.25,1020.0,False,False,Evening,22.789999,0.0
2018-09-19 20:00:00,838.5,8.0,830.5,False,False,Evening,22.689999,0.0
2018-09-19 21:00:00,601.25,6.25,595.0,False,False,Evening,20.64,0.0
2018-09-19 22:00:00,383.75,5.75,378.0,False,False,Evening,20.039999,0.0
2018-09-19 23:00:00,308.0,4.75,303.25,False,False,Evening,19.789999,0.0
2018-09-20 00:00:00,234.25,5.0,229.25,False,False,Night,20.49,0.0
2018-09-20 01:00:00,133.0,2.0,131.0,False,False,Night,20.289999,0.0
2018-09-20 02:00:00,49.25,1.0,48.25,False,False,Night,20.14,0.0
2018-09-20 03:00:00,22.0,1.0,21.0,False,False,Night,20.09,0.0
2018-09-20 04:00:00,18.0,0.0,18.0,False,False,Night,20.039999,0.0
2018-09-20 05:00:00,36.5,0.0,36.5,False,False,Night,19.74,0.0
2018-09-20 06:00:00,111.25,0.5,110.75,False,False,Morning,19.289999,0.0
2018-09-20 07:00:00,481.5,3.75,477.75,False,False,Morning,20.439999,0.0
2018-09-20 08:00:00,909.25,15.5,893.75,False,False,Morning,23.49,0.0
2018-09-20 09:00:00,720.25,14.75,705.5,False,False,Morning,26.74,0.0
2018-09-20 10:00:00,401.75,4.5,397.25,False,False,Morning,28.539999,0.0
2018-09-20 11:00:00,419.6666666666667,6.0,413.6666666666667,False,False,Morning,28.99,0.0
2018-09-20 12:00:00,444.0,4.666666666666667,439.3333333333333,False,False,Afternoon,28.99,0.0
2018-09-20 13:00:00,530.25,5.5,524.75,False,False,Afternoon,28.59,0.0
2018-09-20 14:00:00,697.25,10.0,687.25,False,False,Afternoon,28.14,0.0
2018-09-20 15:00:00,599.25,9.5,589.75,False,False,Afternoon,27.84,0.0
2018-09-20 16:00:00,595.25,10.5,584.75,False,False,Afternoon,27.189999,0.0
2018-09-20 17:00:00,731.5,13.0,718.5,False,False,Afternoon,26.039999,0.0
2018-09-20 18:00:00,1010.0,10.25,999.75,False,False,Evening,23.34,0.0
2018-09-20 19:00:00,990.5,13.25,977.25,False,False,Evening,21.74,0.0
2018-09-20 20:00:00,850.5,9.0,841.5,False,False,Evening,21.039999,0.0
2018-09-20 21:00:00,658.75,9.75,649.0,False,False,Evening,20.689999,0.0
2018-09-20 22:00:00,399.25,4.75,394.5,False,False,Evening,20.34,0.0
2018-09-20 23:00:00,319.5,3.25,316.25,False,False,Evening,20.24,0.0
2018-09-21 00:00:00,299.75,6.25,293.5,False,True,Night,20.439999,0.0
2018-09-21 01:00:00,169.5,3.25,166.25,False,True,Night,20.14,0.0
2018-09-21 02:00:00,93.0,1.25,91.75,False,True,Night,19.89,0.0
2018-09-21 03:00:00,47.5,1.0,46.5,False,True,Night,19.689999,0.0
2018-09-21 04:00:00,32.0,0.0,32.0,False,True,Night,19.49,0.0
2018-09-21 05:00:00,61.75,0.0,61.75,False,True,Night,19.289999,0.0
2018-09-21 06:00:00,121.25,0.5,120.75,False,True,Morning,18.99,0.0
2018-09-21 07:00:00,469.0,3.0,466.0,False,True,Morning,20.939999,0.0
2018-09-21 08:00:00,871.25,21.25,850.0,False,True,Morning,23.939999,0.0
2018-09-21 09:00:00,652.0,13.75,638.25,False,True,Morning,26.74,0.0
2018-09-21 10:00:00,421.75,5.0,416.75,False,True,Morning,28.39,0.0
2018-09-21 11:00:00,410.0,4.0,406.0,False,True,Morning,29.14,0.0
2018-09-21 12:00:00,502.75,5.0,497.75,False,True,Afternoon,29.14,0.0
2018-09-21 13:00:00,532.5,5.75,526.75,False,True,Afternoon,28.939999,0.0
2018-09-21 14:00:00,747.25,7.25,740.0,False,True,Afternoon,28.64,0.0
2018-09-21 15:00:00,754.5,15.0,739.5,False,True,Afternoon,27.64,0.0
2018-09-21 16:00:00,639.25,10.25,629.0,False,True,Afternoon,25.84,0.0
2018-09-21 17:00:00,700.5,8.75,691.75,False,True,Afternoon,24.64,0.0
2018-09-21 18:00:00,787.5,11.75,775.75,False,True,Evening,23.689999,0.0
2018-09-21 19:00:00,717.0,7.0,710.0,False,True,Evening,23.09,0.0
2018-09-21 20:00:00,701.75,3.75,698.0,False,True,Evening,22.49,0.0
2018-09-21 21:00:00,575.5,5.25,570.25,False,True,Evening,22.49,0.0
2018-09-21 22:00:00,455.75,4.75,451.0,False,True,Evening,21.09,0.0
2018-09-21 23:00:00,404.0,7.25,396.75,False,True,Evening,21.09,0.0
2018-09-22 00:00:00,374.75,6.5,368.25,True,True,Night,22.84,0.0
2018-09-22 01:00:00,299.5,5.0,294.5,True,True,Night,22.289999,0.0
2018-09-22 02:00:00,274.75,2.5,272.25,True,True,Night,22.789999,0.0
2018-09-22 03:00:00,204.5,2.5,202.0,True,True,Night,23.039999,0.0
2018-09-22 04:00:00,135.0,1.25,133.75,True,True,Night,22.59,0.1
2018-09-22 05:00:00,107.5,2.25,105.25,True,True,Night,23.039999,0.0
2018-09-22 06:00:00,101.0,2.25,98.75,True,True,Morning,23.14,0.0
2018-09-22 07:00:00,122.25,1.5,120.75,True,True,Morning,23.84,0.2
2018-09-22 08:00:00,163.25,2.25,161.0,True,True,Morning,24.09,0.5
2018-09-22 09:00:00,220.25,1.5,218.75,True,True,Morning,24.789999,0.1
2018-09-22 10:00:00,279.25,3.0,276.25,True,True,Morning,25.89,0.0
2018-09-22 11:00:00,362.25,5.25,357.0,True,True,Morning,26.689999,0.0
2018-09-22 12:00:00,403.0,3.5,399.5,True,True,Afternoon,28.14,0.0
2018-09-22 13:00:00,433.75,4.25,429.5,True,True,Afternoon,28.14,0.0
2018-09-22 14:00:00,433.0,4.75,428.25,True,True,Afternoon,27.789999,0.0
2018-09-22 15:00:00,372.0,2.5,369.5,True,True,Afternoon,27.439999,0.0
2018-09-22 16:00:00,409.75,4.5,405.25,True,True,Afternoon,26.59,0.0
2018-09-22 17:00:00,442.25,8.75,433.5,True,True,Afternoon,25.789999,0.0
2018-09-22 18:00:00,502.25,7.0,495.25,True,True,Evening,24.09,0.0
2018-09-22 19:00:00,598.25,7.25,591.0,True,True,Evening,23.189999,0.0
2018-09-22 20:00:00,611.5,6.75,604.75,True,True,Evening,22.59,0.0
2018-09-22 21:00:00,485.25,7.0,478.25,True,True,Evening,22.59,0.0
2018-09-22 22:00:00,400.75,5.0,395.75,True,True,Evening,21.539999,0.0
2018-09-22 23:00:00,368.75,6.25,362.5,True,True,Evening,21.49,0.0
2018-09-23 00:00:00,350.25,5.75,344.5,True,True,Night,21.189999,0.0
2018-09-23 01:00:00,360.25,3.25,357.0,True,True,Night,21.64,0.0
2018-09-23 02:00:00,270.25,4.5,265.75,True,True,Night,21.39,0.0
2018-09-23 03:00:00,228.75,2.75,226.0,True,True,Night,21.09,0.0
2018-09-23 04:00:00,208.5,1.25,207.25,True,True,Night,20.64,0.0
2018-09-23 05:00:00,134.0,1.0,133.0,True,True,Night,20.24,0.0
2018-09-23 06:00:00,118.5,1.25,117.25,True,True,Morning,20.14,0.0
2018-09-23 07:00:00,113.0,1.25,111.75,True,True,Morning,21.14,0.0
2018-09-23 08:00:00,136.5,1.25,135.25,True,True,Morning,23.84,0.0
2018-09-23 09:00:00,183.25,1.75,181.5,True,True,Morning,26.039999,0.0
2018-09-23 10:00:00,219.0,2.5,216.5,True,True,Morning,26.99,0.0
2018-09-23 11:00:00,317.75,3.25,314.5,True,True,Morning,27.689999,0.0
2018-09-23 12:00:00,378.5,3.75,374.75,True,True,Afternoon,27.74,0.0
2018-09-23 13:00:00,397.0,4.5,392.5,True,True,Afternoon,28.14,0.0
2018-09-23 14:00:00,430.0,6.75,423.25,True,True,Afternoon,28.14,0.0
2018-09-23 15:00:00,384.0,4.25,379.75,True,True,Afternoon,27.59,0.0
2018-09-23 16:00:00,432.25,2.5,429.75,True,True,Afternoon,27.34,0.0
2018-09-23 17:00:00,452.75,7.25,445.5,True,True,Afternoon,26.14,0.0
2018-09-23 18:00:00,477.0,8.25,468.75,True,True,Evening,24.689999,0.0
2018-09-23 19:00:00,566.5,7.75,558.75,True,True,Evening,23.89,0.0
2018-09-23 20:00:00,552.25,7.0,545.25,True,True,Evening,23.789999,0.0
2018-09-23 21:00:00,412.5,1.0,411.5,True,True,Evening,23.439999,0.0
2018-09-23 22:00:00,346.0,4.0,342.0,True,True,Evening,21.74,0.0
2018-09-23 23:00:00,394.5,3.75,390.75,True,True,Evening,21.689999,0.0
2018-09-24 00:00:00,343.0,2.5,340.5,True,False,Night,21.84,0.0
2018-09-24 01:00:00,286.0,1.5,284.5,True,False,Night,21.289999,0.0
2018-09-24 02:00:00,208.5,4.25,204.25,True,False,Night,21.09,0.0
2018-09-24 03:00:00,182.0,2.0,180.0,True,False,Night,20.89,0.0
2018-09-24 04:00:00,165.75,0.5,165.25,True,False,Night,20.689999,0.0
2018-09-24 05:00:00,110.25,0.5,109.75,True,False,Night,20.74,0.0
2018-09-24 06:00:00,110.5,0.25,110.25,True,False,Morning,20.89,0.0
2018-09-24 07:00:00,138.0,0.25,137.75,True,False,Morning,22.64,0.0
2018-09-24 08:00:00,212.0,2.25,209.75,True,False,Morning,24.24,0.1
2018-09-24 09:00:00,189.5,3.0,186.5,True,False,Morning,24.439999,0.3
2018-09-24 10:00:00,235.75,1.75,234.0,True,False,Morning,23.64,0.7
2018-09-24 11:00:00,283.25,2.0,281.25,True,False,Morning,24.09,0.3
2018-09-24 12:00:00,336.75,3.75,333.0,True,False,Afternoon,24.34,0.1
2018-09-24 13:00:00,352.25,4.25,348.0,True,False,Afternoon,24.789999,0.1
2018-09-24 14:00:00,368.75,6.5,362.25,True,False,Afternoon,24.539999,0.0
2018-09-24 15:00:00,314.5,3.5,311.0,True,False,Afternoon,24.09,0.0
2018-09-24 16:00:00,369.75,4.0,365.75,True,False,Afternoon,23.99,0.0
2018-09-24 17:00:00,457.5,6.5,451.0,True,False,Afternoon,23.84,0.0
2018-09-24 18:00:00,555.0,7.0,548.0,True,False,Evening,23.39,0.0
2018-09-24 19:00:00,545.0,10.0,535.0,True,False,Evening,23.189999,0.0
2018-09-24 20:00:00,499.25,5.5,493.75,True,False,Evening,22.84,0.0
2018-09-24 21:00:00,458.75,4.75,454.0,True,False,Evening,21.789999,0.0
2018-09-24 22:00:00,355.0,3.75,351.25,True,False,Evening,20.689999,0.0
2018-09-24 23:00:00,386.5,7.25,379.25,True,False,Evening,19.939999,0.0
2018-09-25 00:00:00,197.25,2.75,194.5,False,False,Night,20.289999,0.0
2018-09-25 01:00:00,102.5,1.0,101.5,False,False,Night,19.539999,0.2
2018-09-25 02:00:00,32.5,0.0,32.5,False,False,Night,19.039999,0.1
2018-09-25 03:00:00,17.0,0.0,17.0,False,False,Night,18.49,0.0
2018-09-25 04:00:00,16.0,0.0,16.0,False,False,Night,18.189999,0.0
2018-09-25 05:00:00,28.0,0.0,28.0,False,False,Night,18.189999,0.0
2018-09-25 06:00:00,113.75,1.0,112.75,False,False,Morning,18.289999,0.0
2018-09-25 07:00:00,472.75,4.0,468.75,False,False,Morning,18.99,0.0
2018-09-25 08:00:00,902.5,21.5,881.0,False,False,Morning,20.39,0.0
2018-09-25 09:00:00,725.3333333333334,16.666666666666668,708.6666666666666,False,False,Morning,21.939999,0.0
2018-09-25 10:00:00,385.3333333333333,3.0,382.3333333333333,False,False,Morning,23.34,0.0
2018-09-25 11:00:00,369.5,1.25,368.25,False,False,Morning,24.189999,0.0
2018-09-25 12:00:00,429.6666666666667,2.0,427.6666666666667,False,False,Afternoon,24.49,0.0
2018-09-25 13:00:00,468.0,6.0,462.0,False,False,Afternoon,24.789999,0.0
2018-09-25 14:00:00,323.4217411707878,3.9487181351739467,319.47302303561383,False,False,Afternoon,24.539999,0.0
2018-09-25 15:00:00,604.0,15.0,589.0,False,False,Afternoon,24.34,0.0
2018-09-25 16:00:00,512.0,6.0,506.0,False,False,Afternoon,23.24,0.0
2018-09-25 17:00:00,712.0,8.5,703.5,False,False,Afternoon,22.189999,0.0
2018-09-25 18:00:00,885.0,10.0,875.0,False,False,Evening,21.14,0.0
2018-09-25 19:00:00,920.0,14.0,906.0,False,False,Evening,20.59,0.0
2018-09-25 20:00:00,323.4217411707878,3.9487181351739467,319.47302303561383,False,False,Evening,20.14,0.0
2018-09-25 21:00:00,323.4217411707878,3.9487181351739467,319.47302303561383,False,False,Evening,19.84,0.0
2018-09-25 22:00:00,323.4217411707878,3.9487181351739467,319.47302303561383,False,False,Evening,19.84,0.0
2018-09-25 23:00:00,323.4217411707878,3.9487181351739467,319.47302303561383,False,False,Evening,19.64,0.0
