"error";"bikesInUsage";"electricalBikesInUsage";"mechanicalBikesInUsage";"dateTime"
0;287;4;283;2018-09-01 00:00:56
0;311;4;307;2018-09-01 00:15:56
0;281;4;277;2018-09-01 00:30:56
0;244;2;242;2018-09-01 00:45:55
0;223;2;221;2018-09-01 01:00:56
0;217;1;216;2018-09-01 01:15:55
0;217;4;213;2018-09-01 01:30:55
0;198;4;194;2018-09-01 01:45:56
0;178;1;177;2018-09-01 02:00:55
0;146;3;143;2018-09-01 02:15:56
0;159;2;157;2018-09-01 02:30:55
0;168;4;164;2018-09-01 02:45:55
0;147;0;147;2018-09-01 03:00:55
0;139;1;138;2018-09-01 03:15:55
0;111;1;110;2018-09-01 03:30:55
0;108;1;107;2018-09-01 03:45:56
0;100;1;99;2018-09-01 04:00:56
0;92;1;91;2018-09-01 04:15:55
0;78;1;77;2018-09-01 04:34:37
0;73;1;72;2018-09-01 04:45:55
0;75;2;73;2018-09-01 05:00:55
0;77;1;76;2018-09-01 05:15:57
0;101;4;97;2018-09-01 05:30:57
0;113;4;109;2018-09-01 05:45:57
0;85;1;84;2018-09-01 06:00:57
0;93;1;92;2018-09-01 06:15:57
0;120;2;118;2018-09-01 06:30:57
0;110;1;109;2018-09-01 06:45:56
0;83;1;82;2018-09-01 07:00:57
0;99;1;98;2018-09-01 07:15:57
0;107;1;106;2018-09-01 07:30:56
0;142;1;141;2018-09-01 07:45:58
0;107;2;105;2018-09-01 08:00:56
0;135;2;133;2018-09-01 08:15:57
0;158;4;154;2018-09-01 08:30:56
0;206;3;203;2018-09-01 08:45:57
0;157;1;156;2018-09-01 09:00:57
0;166;1;165;2018-09-01 09:15:56
0;201;1;200;2018-09-01 09:30:57
0;294;2;292;2018-09-01 09:45:56
0;224;1;223;2018-09-01 10:00:57
0;245;3;242;2018-09-01 10:15:56
0;248;3;245;2018-09-01 10:30:56
0;296;1;295;2018-09-01 10:45:57
0;195;2;193;2018-09-01 11:00:56
0;137;4;133;2018-09-01 11:15:57
0;133;1;132;2018-09-01 11:30:56
0;169;1;168;2018-09-01 11:45:56
0;185;1;184;2018-09-01 12:00:57
0;192;2;190;2018-09-01 12:15:56
0;242;2;240;2018-09-01 12:30:57
0;245;1;244;2018-09-01 12:45:56
0;194;1;193;2018-09-01 13:00:56
0;256;5;251;2018-09-01 13:15:55
0;275;4;271;2018-09-01 13:30:56
0;286;6;280;2018-09-01 13:45:56
0;328;5;323;2018-09-01 14:00:56
0;301;2;299;2018-09-01 14:15:56
0;305;5;300;2018-09-01 14:30:56
0;295;3;292;2018-09-01 14:45:56
0;250;6;244;2018-09-01 15:00:56
0;249;3;246;2018-09-01 15:15:56
0;237;2;235;2018-09-01 15:30:56
0;300;4;296;2018-09-01 15:45:56
0;288;3;285;2018-09-01 16:00:56
0;340;5;335;2018-09-01 16:15:56
0;358;2;356;2018-09-01 16:30:56
0;359;3;356;2018-09-01 16:45:56
0;334;6;328;2018-09-01 17:00:55
0;338;8;330;2018-09-01 17:15:56
0;376;4;372;2018-09-01 17:30:56
0;386;2;384;2018-09-01 17:45:55
0;362;4;358;2018-09-01 18:00:56
0;429;3;426;2018-09-01 18:15:56
0;450;6;444;2018-09-01 18:30:56
0;415;2;413;2018-09-01 18:45:55
0;395;4;391;2018-09-01 19:00:55
0;433;4;429;2018-09-01 19:15:56
0;427;7;420;2018-09-01 19:30:55
0;452;8;444;2018-09-01 19:45:56
0;412;2;410;2018-09-01 20:00:55
0;418;5;413;2018-09-01 20:15:56
0;425;4;421;2018-09-01 20:30:55
0;406;6;400;2018-09-01 20:45:56
0;386;5;381;2018-09-01 21:00:56
0;420;3;417;2018-09-01 21:15:55
0;352;4;348;2018-09-01 21:30:57
0;303;3;300;2018-09-01 21:45:55
0;273;2;271;2018-09-01 22:00:55
0;314;3;311;2018-09-01 22:15:55
0;237;4;233;2018-09-01 22:30:55
0;230;4;226;2018-09-01 22:45:56
0;217;6;211;2018-09-01 23:00:55
0;235;2;233;2018-09-01 23:15:57
0;205;2;203;2018-09-01 23:30:55
0;221;4;217;2018-09-01 23:45:56
0;200;3;197;2018-09-02 00:00:56
0;239;4;235;2018-09-02 00:15:56
0;239;6;233;2018-09-02 00:30:55
0;244;5;239;2018-09-02 00:45:55
0;250;4;246;2018-09-02 01:00:55
0;226;3;223;2018-09-02 01:15:55
0;192;5;187;2018-09-02 01:30:55
0;136;3;133;2018-09-02 01:45:55
0;140;3;137;2018-09-02 02:00:55
0;107;2;105;2018-09-02 02:15:56
0;133;2;131;2018-09-02 02:30:54
0;125;4;121;2018-09-02 02:45:55
0;106;3;103;2018-09-02 03:00:56
0;101;2;99;2018-09-02 03:15:55
0;92;4;88;2018-09-02 03:30:54
0;92;3;89;2018-09-02 03:45:55
0;88;1;87;2018-09-02 04:00:55
0;79;2;77;2018-09-02 04:15:55
0;78;1;77;2018-09-02 04:34:42
0;64;2;62;2018-09-02 04:45:55
0;71;2;69;2018-09-02 05:00:56
0;67;1;66;2018-09-02 05:15:57
0;62;1;61;2018-09-02 05:30:56
0;60;1;59;2018-09-02 05:45:57
0;73;1;72;2018-09-02 06:00:56
0;79;3;76;2018-09-02 06:15:57
0;102;3;99;2018-09-02 06:30:56
0;62;3;59;2018-09-02 06:45:58
0;78;2;76;2018-09-02 07:00:56
0;64;2;62;2018-09-02 07:15:57
0;77;2;75;2018-09-02 07:30:56
0;83;2;81;2018-09-02 07:45:56
0;73;2;71;2018-09-02 08:00:56
0;99;1;98;2018-09-02 08:15:56
0;104;2;102;2018-09-02 08:30:56
0;115;1;114;2018-09-02 08:45:57
0;96;1;95;2018-09-02 09:00:56
0;113;1;112;2018-09-02 09:15:57
0;140;1;139;2018-09-02 09:30:56
0;203;3;200;2018-09-02 09:45:56
0;169;3;166;2018-09-02 10:00:56
0;196;3;193;2018-09-02 10:15:57
0;178;4;174;2018-09-02 10:30:55
0;219;2;217;2018-09-02 10:45:56
0;203;4;199;2018-09-02 11:00:55
0;226;5;221;2018-09-02 11:15:56
0;315;4;311;2018-09-02 11:30:56
0;342;6;336;2018-09-02 11:45:56
0;285;3;282;2018-09-02 12:00:57
0;284;4;280;2018-09-02 12:15:55
0;318;3;315;2018-09-02 12:30:56
0;361;8;353;2018-09-02 12:45:56
0;374;10;364;2018-09-02 13:00:55
0;378;9;369;2018-09-02 13:15:56
0;384;8;376;2018-09-02 13:30:55
0;395;6;389;2018-09-02 13:45:56
0;404;6;398;2018-09-02 14:00:56
0;407;4;403;2018-09-02 14:15:56
0;455;4;451;2018-09-02 14:30:56
0;371;5;366;2018-09-02 14:45:55
0;323;4;319;2018-09-02 15:00:56
0;321;3;318;2018-09-02 15:15:55
0;355;3;352;2018-09-02 15:30:55
0;379;3;376;2018-09-02 15:45:56
0;362;4;358;2018-09-02 16:00:55
0;392;4;388;2018-09-02 16:15:56
0;446;5;441;2018-09-02 16:30:55
0;416;8;408;2018-09-02 16:45:56
0;414;7;407;2018-09-02 17:00:56
0;432;7;425;2018-09-02 17:15:55
0;449;8;441;2018-09-02 17:30:55
0;464;7;457;2018-09-02 17:45:55
0;484;6;478;2018-09-02 18:00:55
0;491;7;484;2018-09-02 18:15:55
0;539;7;532;2018-09-02 18:30:55
0;532;8;524;2018-09-02 18:45:56
0;454;9;445;2018-09-02 19:00:55
0;530;8;522;2018-09-02 19:15:55
0;496;7;489;2018-09-02 19:30:56
0;479;6;473;2018-09-02 19:45:56
0;464;8;456;2018-09-02 20:00:56
0;475;7;468;2018-09-02 20:15:55
0;499;7;492;2018-09-02 20:30:55
0;495;10;485;2018-09-02 20:45:55
0;446;9;437;2018-09-02 21:00:55
0;388;11;377;2018-09-02 21:15:55
0;369;3;366;2018-09-02 21:30:55
0;318;4;314;2018-09-02 21:45:55
0;271;4;267;2018-09-02 22:00:55
0;276;6;270;2018-09-02 22:15:55
0;239;6;233;2018-09-02 22:30:55
0;217;8;209;2018-09-02 22:45:55
0;220;4;216;2018-09-02 23:00:54
0;215;4;211;2018-09-02 23:15:55
0;209;2;207;2018-09-02 23:30:55
0;206;5;201;2018-09-02 23:45:55
0;200;4;196;2018-09-03 00:00:55
0;227;7;220;2018-09-03 00:15:55
0;190;6;184;2018-09-03 00:30:55
0;180;4;176;2018-09-03 00:45:55
0;149;3;146;2018-09-03 01:00:56
0;118;2;116;2018-09-03 01:15:55
0;120;2;118;2018-09-03 01:30:54
0;104;4;100;2018-09-03 01:45:54
0;99;3;96;2018-09-03 02:00:55
0;37;3;34;2018-09-03 02:15:55
0;25;2;23;2018-09-03 02:30:54
0;23;2;21;2018-09-03 02:45:54
0;19;2;17;2018-09-03 03:00:55
0;18;2;16;2018-09-03 03:15:55
0;17;2;15;2018-09-03 03:30:55
0;17;2;15;2018-09-03 03:45:54
0;16;2;14;2018-09-03 04:00:55
0;16;2;14;2018-09-03 04:15:54
0;16;2;14;2018-09-03 04:34:36
0;16;2;14;2018-09-03 04:45:54
0;19;2;17;2018-09-03 05:00:55
0;45;2;43;2018-09-03 05:15:56
0;51;2;49;2018-09-03 05:30:56
0;52;3;49;2018-09-03 05:45:57
0;54;2;52;2018-09-03 06:00:56
0;83;3;80;2018-09-03 06:15:56
0;120;5;115;2018-09-03 06:30:57
0;188;4;184;2018-09-03 06:45:56
0;175;3;172;2018-09-03 07:00:56
0;268;3;265;2018-09-03 07:15:55
0;406;6;400;2018-09-03 07:30:56
0;745;6;739;2018-09-03 07:45:56
0;646;9;637;2018-09-03 08:00:56
0;638;19;619;2018-09-03 08:15:56
0;755;13;742;2018-09-03 08:30:55
0;950;23;927;2018-09-03 08:45:56
0;699;21;678;2018-09-03 09:00:55
0;491;15;476;2018-09-03 09:15:56
0;480;7;473;2018-09-03 09:30:55
0;495;6;489;2018-09-03 09:45:56
0;376;3;373;2018-09-03 10:00:55
0;299;4;295;2018-09-03 10:15:55
0;290;3;287;2018-09-03 10:30:55
0;360;7;353;2018-09-03 10:45:56
0;284;4;280;2018-09-03 11:00:56
0;336;3;333;2018-09-03 11:15:56
0;302;2;300;2018-09-03 11:30:55
0;357;3;354;2018-09-03 11:45:56
0;327;3;324;2018-09-03 12:00:55
0;345;2;343;2018-09-03 12:15:56
0;346;2;344;2018-09-03 12:30:55
0;344;3;341;2018-09-03 12:45:56
0;353;3;350;2018-09-03 13:00:56
0;448;5;443;2018-09-03 13:15:55
0;406;4;402;2018-09-03 13:30:55
0;472;2;470;2018-09-03 13:45:55
0;441;5;436;2018-09-03 14:00:55
0;619;3;616;2018-09-03 14:15:55
0;538;4;534;2018-09-03 14:30:55
0;500;4;496;2018-09-03 14:45:55
0;426;4;422;2018-09-03 15:00:55
0;605;7;598;2018-09-03 15:15:55
0;537;9;528;2018-09-03 15:30:55
0;530;4;526;2018-09-03 15:45:55
0;481;5;476;2018-09-03 16:00:55
0;548;12;536;2018-09-03 16:15:56
0;483;11;472;2018-09-03 16:30:55
0;530;10;520;2018-09-03 16:45:56
0;486;13;473;2018-09-03 17:00:54
0;646;15;631;2018-09-03 17:15:56
0;659;12;647;2018-09-03 17:30:55
0;798;9;789;2018-09-03 17:45:55
0;713;17;696;2018-09-03 18:00:55
0;1026;20;1006;2018-09-03 18:15:55
0;978;17;961;2018-09-03 18:30:54
0;924;20;904;2018-09-03 18:45:55
0;860;19;841;2018-09-03 19:00:56
0;902;19;883;2018-09-03 19:15:55
0;840;15;825;2018-09-03 19:30:55
0;813;13;800;2018-09-03 19:45:55
0;697;8;689;2018-09-03 20:00:55
0;757;9;748;2018-09-03 20:15:55
0;685;6;679;2018-09-03 20:30:56
0;647;5;642;2018-09-03 20:45:54
0;526;7;519;2018-09-03 21:00:55
0;518;5;513;2018-09-03 21:15:54
0;498;7;491;2018-09-03 21:30:55
0;380;7;373;2018-09-03 21:45:54
0;371;5;366;2018-09-03 22:00:54
0;396;9;387;2018-09-03 22:15:54
0;332;7;325;2018-09-03 22:30:55
0;257;8;249;2018-09-03 22:45:54
0;234;4;230;2018-09-03 23:00:54
0;259;7;252;2018-09-03 23:15:55
0;205;5;200;2018-09-03 23:30:55
0;188;4;184;2018-09-03 23:45:54
0;185;3;182;2018-09-04 00:00:56
0;214;3;211;2018-09-04 00:15:54
0;169;4;165;2018-09-04 00:30:54
0;135;3;132;2018-09-04 00:45:55
0;149;4;145;2018-09-04 01:00:54
0;127;3;124;2018-09-04 01:15:54
0;95;3;92;2018-09-04 01:30:55
0;93;3;90;2018-09-04 01:45:54
0;98;5;93;2018-09-04 02:00:55
0;37;5;32;2018-09-04 02:15:54
0;24;4;20;2018-09-04 02:30:53
0;22;4;18;2018-09-04 02:45:54
0;21;4;17;2018-09-04 03:00:55
0;20;4;16;2018-09-04 03:15:54
0;20;4;16;2018-09-04 03:30:54
0;19;3;16;2018-09-04 03:45:54
0;19;3;16;2018-09-04 04:00:54
0;19;3;16;2018-09-04 04:15:54
0;19;3;16;2018-09-04 04:34:39
0;19;3;16;2018-09-04 04:45:54
0;25;3;22;2018-09-04 05:00:54
0;37;3;34;2018-09-04 05:15:56
0;45;3;42;2018-09-04 05:30:55
0;62;3;59;2018-09-04 05:45:56
0;54;3;51;2018-09-04 06:00:55
0;90;4;86;2018-09-04 06:15:56
0;125;6;119;2018-09-04 06:30:56
0;189;4;185;2018-09-04 06:45:55
0;179;3;176;2018-09-04 07:00:56
0;295;4;291;2018-09-04 07:15:55
0;447;7;440;2018-09-04 07:30:56
0;813;8;805;2018-09-04 07:45:55
0;696;12;684;2018-09-04 08:00:56
0;722;20;702;2018-09-04 08:15:55
0;866;27;839;2018-09-04 08:30:55
0;1110;18;1092;2018-09-04 08:45:56
0;826;21;805;2018-09-04 09:00:55
0;585;12;573;2018-09-04 09:15:55
0;520;11;509;2018-09-04 09:30:56
0;535;8;527;2018-09-04 09:45:55
0;376;6;370;2018-09-04 10:00:56
0;341;6;335;2018-09-04 10:15:55
0;352;6;346;2018-09-04 10:30:55
0;368;5;363;2018-09-04 10:45:56
0;315;5;310;2018-09-04 11:00:55
0;369;7;362;2018-09-04 11:15:55
0;362;6;356;2018-09-04 11:30:55
0;415;6;409;2018-09-04 11:45:55
0;350;0;350;2018-09-04 12:00:55
0;368;1;367;2018-09-04 12:15:55
0;409;2;407;2018-09-04 12:30:55
0;385;3;382;2018-09-04 12:45:56
0;389;3;386;2018-09-04 13:00:55
0;409;2;407;2018-09-04 13:15:55
0;463;3;460;2018-09-04 13:30:55
0;521;2;519;2018-09-04 13:45:54
0;468;2;466;2018-09-04 14:00:55
0;602;5;597;2018-09-04 14:15:55
0;547;4;543;2018-09-04 14:30:55
0;544;5;539;2018-09-04 14:45:55
0;486;3;483;2018-09-04 15:00:55
0;612;7;605;2018-09-04 15:15:55
0;526;4;522;2018-09-04 15:30:55
0;538;4;534;2018-09-04 15:45:55
0;464;6;458;2018-09-04 16:00:55
0;541;7;534;2018-09-04 16:15:54
0;520;6;514;2018-09-04 16:30:54
0;541;6;535;2018-09-04 16:45:56
0;546;4;542;2018-09-04 17:00:54
0;663;11;652;2018-09-04 17:15:55
0;668;6;662;2018-09-04 17:30:55
0;822;10;812;2018-09-04 17:45:54
0;766;5;761;2018-09-04 18:00:55
0;1069;14;1055;2018-09-04 18:15:54
0;1014;17;997;2018-09-04 18:30:54
0;976;15;961;2018-09-04 18:45:54
0;846;8;838;2018-09-04 19:00:54
0;921;6;915;2018-09-04 19:15:54
0;894;14;880;2018-09-04 19:30:54
0;842;10;832;2018-09-04 19:45:54
0;718;9;709;2018-09-04 20:00:54
0;761;9;752;2018-09-04 20:15:54
0;707;5;702;2018-09-04 20:30:55
0;637;11;626;2018-09-04 20:45:54
0;603;9;594;2018-09-04 21:00:54
0;609;7;602;2018-09-04 21:15:54
0;525;3;522;2018-09-04 21:30:54
0;438;3;435;2018-09-04 21:45:55
0;361;2;359;2018-09-04 22:00:54
0;388;6;382;2018-09-04 22:15:54
0;329;1;328;2018-09-04 22:30:54
0;298;2;296;2018-09-04 22:45:54
0;251;2;249;2018-09-04 23:00:54
0;301;3;298;2018-09-04 23:15:55
0;271;4;267;2018-09-04 23:30:55
0;276;4;272;2018-09-04 23:45:54
0;260;5;255;2018-09-05 00:00:55
0;285;3;282;2018-09-05 00:15:54
0;243;8;235;2018-09-05 00:30:54
0;205;3;202;2018-09-05 00:45:54
0;163;2;161;2018-09-05 01:00:54
0;157;5;152;2018-09-05 01:15:54
0;140;2;138;2018-09-05 01:30:54
0;124;3;121;2018-09-05 01:45:53
0;131;4;127;2018-09-05 02:00:54
0;53;4;49;2018-09-05 02:15:54
0;30;1;29;2018-09-05 02:30:54
0;27;1;26;2018-09-05 02:45:53
0;23;1;22;2018-09-05 03:00:54
0;21;1;20;2018-09-05 03:15:53
0;21;1;20;2018-09-05 03:30:54
0;19;1;18;2018-09-05 03:45:53
0;19;1;18;2018-09-05 04:00:53
0;19;1;18;2018-09-05 04:15:53
0;18;1;17;2018-09-05 04:34:36
0;18;1;17;2018-09-05 04:45:54
0;23;1;22;2018-09-05 05:00:54
0;46;1;45;2018-09-05 05:15:55
0;46;1;45;2018-09-05 05:30:55
0;60;2;58;2018-09-05 05:45:56
0;52;1;51;2018-09-05 06:00:55
0;86;1;85;2018-09-05 06:15:55
0;107;3;104;2018-09-05 06:30:55
0;190;2;188;2018-09-05 06:45:55
0;170;2;168;2018-09-05 07:00:55
0;283;5;278;2018-09-05 07:15:55
0;433;6;427;2018-09-05 07:30:55
0;751;8;743;2018-09-05 07:45:55
0;695;7;688;2018-09-05 08:00:55
0;749;16;733;2018-09-05 08:15:56
0;857;15;842;2018-09-05 08:30:55
0;1099;27;1072;2018-09-05 08:45:55
0;830;18;812;2018-09-05 09:00:55
0;638;13;625;2018-09-05 09:15:55
0;526;13;513;2018-09-05 09:30:55
0;472;11;461;2018-09-05 09:45:55
0;377;4;373;2018-09-05 10:00:55
0;384;2;382;2018-09-05 10:15:55
0;349;2;347;2018-09-05 10:30:54
0;351;1;350;2018-09-05 10:45:55
0;376;1;375;2018-09-05 11:00:54
0;339;3;336;2018-09-05 11:15:55
0;380;1;379;2018-09-05 11:30:55
0;384;2;382;2018-09-05 11:45:55
0;363;0;363;2018-09-05 12:00:54
0;393;0;393;2018-09-05 12:15:55
0;388;2;386;2018-09-05 12:30:54
0;436;1;435;2018-09-05 12:45:55
0;406;2;404;2018-09-05 13:00:54
0;452;2;450;2018-09-05 13:15:54
0;449;3;446;2018-09-05 13:30:54
0;492;0;492;2018-09-05 13:45:54
0;452;2;450;2018-09-05 14:00:55
0;646;6;640;2018-09-05 14:15:54
0;513;3;510;2018-09-05 14:30:54
0;553;7;546;2018-09-05 14:45:56
0;507;9;498;2018-09-05 15:00:54
0;619;7;612;2018-09-05 15:15:54
0;583;5;578;2018-09-05 15:30:55
0;531;9;522;2018-09-05 15:45:54
0;437;3;434;2018-09-05 16:00:54
0;559;2;557;2018-09-05 16:15:54
0;550;3;547;2018-09-05 16:30:54
0;565;9;556;2018-09-05 16:45:54
0;517;6;511;2018-09-05 17:00:55
0;707;15;692;2018-09-05 17:15:54
0;734;11;723;2018-09-05 17:30:55
0;784;10;774;2018-09-05 17:45:54
0;775;12;763;2018-09-05 18:00:55
0;1002;12;990;2018-09-05 18:15:55
0;1007;8;999;2018-09-05 18:30:53
0;1031;9;1022;2018-09-05 18:45:54
0;893;9;884;2018-09-05 19:00:54
0;947;14;933;2018-09-05 19:15:54
0;907;10;897;2018-09-05 19:30:53
0;858;5;853;2018-09-05 19:45:54
0;764;6;758;2018-09-05 20:00:53
0;758;8;750;2018-09-05 20:15:54
0;739;9;730;2018-09-05 20:30:53
0;699;8;691;2018-09-05 20:45:54
0;605;7;598;2018-09-05 21:00:54
0;591;8;583;2018-09-05 21:15:54
0;547;5;542;2018-09-05 21:30:54
0;473;8;465;2018-09-05 21:45:54
0;412;7;405;2018-09-05 22:00:55
0;463;4;459;2018-09-05 22:15:54
0;382;2;380;2018-09-05 22:30:54
0;354;4;350;2018-09-05 22:45:53
0;311;4;307;2018-09-05 23:00:54
0;334;5;329;2018-09-05 23:15:53
0;299;2;297;2018-09-05 23:30:53
0;285;4;281;2018-09-05 23:45:53
0;275;3;272;2018-09-06 00:00:54
0;332;4;328;2018-09-06 00:15:54
0;261;7;254;2018-09-06 00:30:53
0;229;6;223;2018-09-06 00:45:54
0;186;3;183;2018-09-06 01:00:53
0;203;2;201;2018-09-06 01:15:54
0;156;1;155;2018-09-06 01:30:53
0;136;2;134;2018-09-06 01:45:54
0;130;4;126;2018-09-06 02:00:54
0;61;0;61;2018-09-06 02:15:53
0;41;0;41;2018-09-06 02:30:54
0;35;0;35;2018-09-06 02:45:53
0;33;0;33;2018-09-06 03:00:53
0;31;0;31;2018-09-06 03:15:53
0;30;0;30;2018-09-06 03:30:53
0;30;0;30;2018-09-06 03:45:53
0;30;0;30;2018-09-06 04:00:53
0;29;0;29;2018-09-06 04:15:53
0;28;0;28;2018-09-06 04:34:39
0;28;0;28;2018-09-06 04:45:52
0;30;0;30;2018-09-06 05:00:53
0;46;0;46;2018-09-06 05:15:54
0;56;0;56;2018-09-06 05:30:55
0;70;0;70;2018-09-06 05:45:54
0;66;0;66;2018-09-06 06:00:55
0;84;0;84;2018-09-06 06:15:55
0;100;2;98;2018-09-06 06:30:55
0;181;1;180;2018-09-06 06:45:55
0;157;0;157;2018-09-06 07:00:55
0;243;2;241;2018-09-06 07:15:55
0;383;2;381;2018-09-06 07:30:54
0;718;6;712;2018-09-06 07:45:55
0;654;6;648;2018-09-06 08:00:55
0;679;8;671;2018-09-06 08:15:55
0;820;15;805;2018-09-06 08:30:54
0;1073;25;1048;2018-09-06 08:45:55
0;936;15;921;2018-09-06 09:00:54
0;690;14;676;2018-09-06 09:15:54
0;610;7;603;2018-09-06 09:30:54
0;580;8;572;2018-09-06 09:45:54
0;481;5;476;2018-09-06 10:00:55
0;403;4;399;2018-09-06 10:15:54
0;410;5;405;2018-09-06 10:30:54
0;410;5;405;2018-09-06 10:45:54
0;384;2;382;2018-09-06 11:00:55
0;398;2;396;2018-09-06 11:15:54
0;426;3;423;2018-09-06 11:30:54
0;497;3;494;2018-09-06 11:45:54
0;450;1;449;2018-09-06 12:00:54
0;448;4;444;2018-09-06 12:15:54
0;482;3;479;2018-09-06 12:30:54
0;582;3;579;2018-09-06 12:45:55
0;531;3;528;2018-09-06 13:00:54
0;572;4;568;2018-09-06 13:15:54
0;577;2;575;2018-09-06 13:30:54
0;613;6;607;2018-09-06 13:45:54
0;604;8;596;2018-09-06 14:00:54
0;737;11;726;2018-09-06 14:15:54
0;699;11;688;2018-09-06 14:30:55
0;694;9;685;2018-09-06 14:45:54
0;611;8;603;2018-09-06 15:00:54
0;713;2;711;2018-09-06 15:15:54
0;634;5;629;2018-09-06 15:30:54
0;642;10;632;2018-09-06 15:45:54
0;569;12;557;2018-09-06 16:00:53
0;648;6;642;2018-09-06 16:15:54
0;629;3;626;2018-09-06 16:30:54
0;724;7;717;2018-09-06 16:45:54
0;659;6;653;2018-09-06 17:00:54
0;768;8;760;2018-09-06 17:15:53
0;559;6;553;2018-09-06 17:30:54
0;323;3;320;2018-09-06 17:45:53
0;272;2;270;2018-09-06 18:00:54
0;392;3;389;2018-09-06 18:15:53
0;524;4;520;2018-09-06 18:30:54
0;730;7;723;2018-09-06 18:45:53
0;760;8;752;2018-09-06 19:00:54
0;841;7;834;2018-09-06 19:15:53
0;763;11;752;2018-09-06 19:30:54
0;763;8;755;2018-09-06 19:45:53
0;690;4;686;2018-09-06 20:00:54
0;713;5;708;2018-09-06 20:15:53
0;373;2;371;2018-09-06 20:30:53
0;297;2;295;2018-09-06 20:45:54
0;341;2;339;2018-09-06 21:00:53
0;338;1;337;2018-09-06 21:15:54
0;344;2;342;2018-09-06 21:30:53
0;357;3;354;2018-09-06 21:45:54
0;357;4;353;2018-09-06 22:00:53
0;363;6;357;2018-09-06 22:15:54
0;356;7;349;2018-09-06 22:30:53
0;314;3;311;2018-09-06 22:45:54
0;326;5;321;2018-09-06 23:00:53
0;337;5;332;2018-09-06 23:15:53
0;339;2;337;2018-09-06 23:30:54
0;352;4;348;2018-09-06 23:45:54
0;364;3;361;2018-09-07 00:00:54
0;354;2;352;2018-09-07 00:15:54
0;292;4;288;2018-09-07 00:30:53
0;233;1;232;2018-09-07 00:45:53
0;231;2;229;2018-09-07 01:00:53
0;184;2;182;2018-09-07 01:15:53
0;162;1;161;2018-09-07 01:30:53
0;158;2;156;2018-09-07 01:45:53
0;133;1;132;2018-09-07 02:00:53
0;118;1;117;2018-09-07 02:15:53
0;98;1;97;2018-09-07 02:30:53
0;98;1;97;2018-09-07 02:45:53
0;102;1;101;2018-09-07 03:00:52
0;66;1;65;2018-09-07 03:15:53
0;53;1;52;2018-09-07 03:30:53
0;51;1;50;2018-09-07 03:45:53
0;49;1;48;2018-09-07 04:00:52
0;49;1;48;2018-09-07 04:15:52
0;47;0;47;2018-09-07 04:34:51
0;47;0;47;2018-09-07 04:45:52
0;56;0;56;2018-09-07 05:00:53
0;82;0;82;2018-09-07 05:15:54
0;83;0;83;2018-09-07 05:30:55
0;91;0;91;2018-09-07 05:45:54
0;85;0;85;2018-09-07 06:00:54
0;96;0;96;2018-09-07 06:15:54
0;158;1;157;2018-09-07 06:30:54
0;226;0;226;2018-09-07 06:45:55
0;184;0;184;2018-09-07 07:00:54
0;283;3;280;2018-09-07 07:15:54
0;424;4;420;2018-09-07 07:30:54
0;751;4;747;2018-09-07 07:45:55
0;696;7;689;2018-09-07 08:00:54
0;662;9;653;2018-09-07 08:15:54
0;801;12;789;2018-09-07 08:30:54
0;965;15;950;2018-09-07 08:45:53
0;819;14;805;2018-09-07 09:00:54
0;597;13;584;2018-09-07 09:15:54
0;518;3;515;2018-09-07 09:30:54
0;485;4;481;2018-09-07 09:45:53
0;381;3;378;2018-09-07 10:00:54
0;376;5;371;2018-09-07 10:15:54
0;353;1;352;2018-09-07 10:30:54
0;392;3;389;2018-09-07 10:45:54
0;331;2;329;2018-09-07 11:00:54
0;372;2;370;2018-09-07 11:15:54
0;350;3;347;2018-09-07 11:30:55
0;395;2;393;2018-09-07 11:45:54
0;347;0;347;2018-09-07 12:00:54
0;404;4;400;2018-09-07 12:15:54
0;393;6;387;2018-09-07 12:30:53
0;440;2;438;2018-09-07 12:45:54
0;396;2;394;2018-09-07 13:00:54
0;448;2;446;2018-09-07 13:15:55
0;488;4;484;2018-09-07 13:30:54
0;527;6;521;2018-09-07 13:45:53
0;508;5;503;2018-09-07 14:00:54
0;692;7;685;2018-09-07 14:15:53
0;685;10;675;2018-09-07 14:30:54
0;691;6;685;2018-09-07 14:45:53
0;609;6;603;2018-09-07 15:00:54
0;867;13;854;2018-09-07 15:15:54
0;700;12;688;2018-09-07 15:30:54
0;626;6;620;2018-09-07 15:45:54
0;519;9;510;2018-09-07 16:00:53
0;617;9;608;2018-09-07 16:15:54
0;595;6;589;2018-09-07 16:30:53
0;593;10;583;2018-09-07 16:45:53
0;544;12;532;2018-09-07 17:00:53
0;627;9;618;2018-09-07 17:15:53
0;649;9;640;2018-09-07 17:30:54
0;722;8;714;2018-09-07 17:45:53
0;644;9;635;2018-09-07 18:00:54
0;769;7;762;2018-09-07 18:15:53
0;738;2;736;2018-09-07 18:30:56
0;738;7;731;2018-09-07 18:45:54
0;680;7;673;2018-09-07 19:00:53
0;693;2;691;2018-09-07 19:15:52
0;693;5;688;2018-09-07 19:30:54
0;669;8;661;2018-09-07 19:45:53
0;618;12;606;2018-09-07 20:00:54
0;633;9;624;2018-09-07 20:15:53
0;608;8;600;2018-09-07 20:30:53
0;603;10;593;2018-09-07 20:45:53
0;556;9;547;2018-09-07 21:00:53
0;500;10;490;2018-09-07 21:15:53
0;454;10;444;2018-09-07 21:30:53
0;375;5;370;2018-09-07 21:45:53
0;256;3;253;2018-09-07 22:00:53
0;238;4;234;2018-09-07 22:15:52
0;245;3;242;2018-09-07 22:30:53
0;208;4;204;2018-09-07 22:45:53
0;160;3;157;2018-09-07 23:00:53
0;207;3;204;2018-09-07 23:15:53
0;172;2;170;2018-09-07 23:30:53
0;147;3;144;2018-09-07 23:45:53
0;167;5;162;2018-09-08 00:00:54
0;212;4;208;2018-09-08 00:15:53
0;249;3;246;2018-09-08 00:30:53
0;235;6;229;2018-09-08 00:45:53
0;242;5;237;2018-09-08 01:00:53
0;194;5;189;2018-09-08 01:15:52
0;207;6;201;2018-09-08 01:30:53
0;178;4;174;2018-09-08 01:45:52
0;186;4;182;2018-09-08 02:00:52
0;133;4;129;2018-09-08 02:15:53
0;123;2;121;2018-09-08 02:30:52
0;127;3;124;2018-09-08 02:45:52
0;138;3;135;2018-09-08 03:00:53
0;127;3;124;2018-09-08 03:15:52
0;122;3;119;2018-09-08 03:30:52
0;95;2;93;2018-09-08 03:45:53
0;75;2;73;2018-09-08 04:00:53
0;85;2;83;2018-09-08 04:15:52
0;70;2;68;2018-09-08 04:34:45
0;79;2;77;2018-09-08 04:45:52
0;67;2;65;2018-09-08 05:00:52
0;75;2;73;2018-09-08 05:15:54
0;84;2;82;2018-09-08 05:30:54
0;73;2;71;2018-09-08 05:45:54
0;78;2;76;2018-09-08 06:00:54
0;94;3;91;2018-09-08 06:15:54
0;118;3;115;2018-09-08 06:30:54
0;120;2;118;2018-09-08 06:45:54
0;84;3;81;2018-09-08 07:00:54
0;109;2;107;2018-09-08 07:15:54
0;110;2;108;2018-09-08 07:30:55
0;136;2;134;2018-09-08 07:45:54
0;110;2;108;2018-09-08 08:00:54
0;114;3;111;2018-09-08 08:15:53
0;148;6;142;2018-09-08 08:30:54
0;211;5;206;2018-09-08 08:45:54
0;182;3;179;2018-09-08 09:00:54
0;182;3;179;2018-09-08 09:15:54
0;202;4;198;2018-09-08 09:30:54
0;287;2;285;2018-09-08 09:45:53
0;252;3;249;2018-09-08 10:00:54
0;255;3;252;2018-09-08 10:15:54
0;281;3;278;2018-09-08 10:30:54
0;309;4;305;2018-09-08 10:45:53
0;292;4;288;2018-09-08 11:00:54
0;354;5;349;2018-09-08 11:15:53
0;326;6;320;2018-09-08 11:30:54
0;399;9;390;2018-09-08 11:45:54
0;388;6;382;2018-09-08 12:00:53
0;401;7;394;2018-09-08 12:15:53
0;385;4;381;2018-09-08 12:30:54
0;395;2;393;2018-09-08 12:45:53
0;406;2;404;2018-09-08 13:00:53
0;401;2;399;2018-09-08 13:15:53
0;418;2;416;2018-09-08 13:30:54
0;436;8;428;2018-09-08 13:45:53
0;405;5;400;2018-09-08 14:00:54
0;412;3;409;2018-09-08 14:15:53
0;417;5;412;2018-09-08 14:30:54
0;368;4;364;2018-09-08 14:45:53
0;354;5;349;2018-09-08 15:00:54
0;320;4;316;2018-09-08 15:15:53
0;335;2;333;2018-09-08 15:30:53
0;384;3;381;2018-09-08 15:45:53
0;351;2;349;2018-09-08 16:00:54
0;390;2;388;2018-09-08 16:15:53
0;384;2;382;2018-09-08 16:30:53
0;412;2;410;2018-09-08 16:45:52
0;388;10;378;2018-09-08 17:00:53
0;392;7;385;2018-09-08 17:15:53
0;396;7;389;2018-09-08 17:30:53
0;430;8;422;2018-09-08 17:45:52
0;425;6;419;2018-09-08 18:00:53
0;411;1;410;2018-09-08 18:15:52
0;455;3;452;2018-09-08 18:30:53
0;475;1;474;2018-09-08 18:45:53
0;466;1;465;2018-09-08 19:00:53
0;493;4;489;2018-09-08 19:15:52
0;475;5;470;2018-09-08 19:30:53
0;502;9;493;2018-09-08 19:45:53
0;432;1;431;2018-09-08 20:00:53
0;464;6;458;2018-09-08 20:15:52
0;480;5;475;2018-09-08 20:30:53
0;447;3;444;2018-09-08 20:45:53
0;450;0;450;2018-09-08 21:00:53
0;395;0;395;2018-09-08 21:15:53
0;333;2;331;2018-09-08 21:30:52
0;328;3;325;2018-09-08 21:45:52
0;291;2;289;2018-09-08 22:00:53
0;312;1;311;2018-09-08 22:15:53
0;257;1;256;2018-09-08 22:30:52
0;265;1;264;2018-09-08 22:45:52
0;261;5;256;2018-09-08 23:00:53
0;302;1;301;2018-09-08 23:15:52
0;282;3;279;2018-09-08 23:30:53
0;250;4;246;2018-09-08 23:45:53
0;279;4;275;2018-09-09 00:00:53
0;299;5;294;2018-09-09 00:15:53
0;252;6;246;2018-09-09 00:30:52
0;224;5;219;2018-09-09 00:45:52
0;205;5;200;2018-09-09 01:00:52
0;219;5;214;2018-09-09 01:15:52
0;176;4;172;2018-09-09 01:30:52
0;171;2;169;2018-09-09 01:45:53
0;159;2;157;2018-09-09 02:00:52
0;153;3;150;2018-09-09 02:15:52
0;140;3;137;2018-09-09 02:30:52
0;123;1;122;2018-09-09 02:45:52
0;105;3;102;2018-09-09 03:00:52
0;130;3;127;2018-09-09 03:15:52
0;146;1;145;2018-09-09 03:30:52
0;132;1;131;2018-09-09 03:45:52
0;116;1;115;2018-09-09 04:00:52
0;99;0;99;2018-09-09 04:15:51
0;112;0;112;2018-09-09 04:34:44
0;86;2;84;2018-09-09 04:45:52
0;75;0;75;2018-09-09 05:00:52
0;101;1;100;2018-09-09 05:15:54
0;76;0;76;2018-09-09 05:30:53
0;86;0;86;2018-09-09 05:45:54
0;80;0;80;2018-09-09 06:00:53
0;79;0;79;2018-09-09 06:15:53
0;101;3;98;2018-09-09 06:30:54
0;90;0;90;2018-09-09 06:45:54
0;75;1;74;2018-09-09 07:00:54
0;86;0;86;2018-09-09 07:15:53
0;103;0;103;2018-09-09 07:30:53
0;122;0;122;2018-09-09 07:45:53
0;81;0;81;2018-09-09 08:00:54
0;79;0;79;2018-09-09 08:15:53
0;107;3;104;2018-09-09 08:30:53
0;134;0;134;2018-09-09 08:45:53
0;119;1;118;2018-09-09 09:00:54
0;109;1;108;2018-09-09 09:15:53
0;142;1;141;2018-09-09 09:30:54
0;192;1;191;2018-09-09 09:45:53
0;165;0;165;2018-09-09 10:00:53
0;163;0;163;2018-09-09 10:15:52
0;205;1;204;2018-09-09 10:30:54
0;238;2;236;2018-09-09 10:45:53
0;216;3;213;2018-09-09 11:00:54
0;247;1;246;2018-09-09 11:15:53
0;285;2;283;2018-09-09 11:30:53
0;343;2;341;2018-09-09 11:45:53
0;315;2;313;2018-09-09 12:00:53
0;332;2;330;2018-09-09 12:15:53
0;307;4;303;2018-09-09 12:30:54
0;308;4;304;2018-09-09 12:45:53
0;310;6;304;2018-09-09 13:00:53
0;361;5;356;2018-09-09 13:15:52
0;354;2;352;2018-09-09 13:30:53
0;353;2;351;2018-09-09 13:45:53
0;395;2;393;2018-09-09 14:00:53
0;375;2;373;2018-09-09 14:15:53
0;328;1;327;2018-09-09 14:30:53
0;314;2;312;2018-09-09 14:45:52
0;266;1;265;2018-09-09 15:00:53
0;298;7;291;2018-09-09 15:15:53
0;300;3;297;2018-09-09 15:30:53
0;276;1;275;2018-09-09 15:45:53
0;286;1;285;2018-09-09 16:00:53
0;335;4;331;2018-09-09 16:15:52
0;340;1;339;2018-09-09 16:30:52
0;339;1;338;2018-09-09 16:45:53
0;330;2;328;2018-09-09 17:00:53
0;369;3;366;2018-09-09 17:15:52
0;363;5;358;2018-09-09 17:30:53
0;408;6;402;2018-09-09 17:45:52
0;378;6;372;2018-09-09 18:00:52
0;387;8;379;2018-09-09 18:15:53
0;389;5;384;2018-09-09 18:30:52
0;399;6;393;2018-09-09 18:45:52
0;406;4;402;2018-09-09 19:00:53
0;405;2;403;2018-09-09 19:15:53
0;425;3;422;2018-09-09 19:30:52
0;459;2;457;2018-09-09 19:45:52
0;436;2;434;2018-09-09 20:00:53
0;454;3;451;2018-09-09 20:15:52
0;468;4;464;2018-09-09 20:30:52
0;423;7;416;2018-09-09 20:45:53
0;401;4;397;2018-09-09 21:00:52
0;380;6;374;2018-09-09 21:15:52
0;331;0;331;2018-09-09 21:30:53
0;271;2;269;2018-09-09 21:45:52
0;248;3;245;2018-09-09 22:00:52
0;283;2;281;2018-09-09 22:15:51
0;274;2;272;2018-09-09 22:30:52
0;241;2;239;2018-09-09 22:45:52
0;251;3;248;2018-09-09 23:00:53
0;257;1;256;2018-09-09 23:15:52
0;207;0;207;2018-09-09 23:30:52
0;195;1;194;2018-09-09 23:45:52
0;189;4;185;2018-09-10 00:00:53
0;220;4;216;2018-09-10 00:15:52
0;192;1;191;2018-09-10 00:30:52
0;170;4;166;2018-09-10 00:45:51
0;157;5;152;2018-09-10 01:00:52
0;138;3;135;2018-09-10 01:15:51
0;128;1;127;2018-09-10 01:30:53
0;112;1;111;2018-09-10 01:45:52
0;108;1;107;2018-09-10 02:00:52
0;45;1;44;2018-09-10 02:15:52
0;16;0;16;2018-09-10 02:30:52
0;15;0;15;2018-09-10 02:45:52
0;15;0;15;2018-09-10 03:00:52
0;15;0;15;2018-09-10 03:15:51
0;15;0;15;2018-09-10 03:30:52
0;15;0;15;2018-09-10 03:45:52
0;14;0;14;2018-09-10 04:00:52
0;14;0;14;2018-09-10 04:15:51
0;14;0;14;2018-09-10 04:34:41
0;14;0;14;2018-09-10 04:45:51
0;15;0;15;2018-09-10 05:00:53
0;34;0;34;2018-09-10 05:15:54
0;38;0;38;2018-09-10 05:30:53
0;58;0;58;2018-09-10 05:45:54
0;45;0;45;2018-09-10 06:00:54
0;60;1;59;2018-09-10 06:15:53
0;109;1;108;2018-09-10 06:30:53
0;147;2;145;2018-09-10 06:45:53
0;146;0;146;2018-09-10 07:00:53
0;215;2;213;2018-09-10 07:15:53
0;315;3;312;2018-09-10 07:30:54
0;544;5;539;2018-09-10 07:45:53
0;474;3;471;2018-09-10 08:00:53
0;502;7;495;2018-09-10 08:15:52
0;626;14;612;2018-09-10 08:30:53
0;792;16;776;2018-09-10 08:45:52
0;554;9;545;2018-09-10 09:00:54
0;464;10;454;2018-09-10 09:15:53
0;408;4;404;2018-09-10 09:30:53
0;391;6;385;2018-09-10 09:45:53
0;300;6;294;2018-09-10 10:00:53
0;258;0;258;2018-09-10 10:15:53
0;295;0;295;2018-09-10 10:30:53
0;314;2;312;2018-09-10 10:45:53
0;275;2;273;2018-09-10 11:00:53
0;306;1;305;2018-09-10 11:15:53
0;335;3;332;2018-09-10 11:30:53
0;339;1;338;2018-09-10 11:45:53
0;297;1;296;2018-09-10 12:00:52
0;338;1;337;2018-09-10 12:15:53
0;347;1;346;2018-09-10 12:30:53
0;405;2;403;2018-09-10 12:45:52
0;356;2;354;2018-09-10 13:00:58
0;396;3;393;2018-09-10 13:15:52
0;415;3;412;2018-09-10 13:30:53
0;486;3;483;2018-09-10 13:45:53
0;410;2;408;2018-09-10 14:00:52
0;498;5;493;2018-09-10 14:15:53
0;440;8;432;2018-09-10 14:30:53
0;492;5;487;2018-09-10 14:45:53
0;446;4;442;2018-09-10 15:00:52
0;485;7;478;2018-09-10 15:15:52
0;460;8;452;2018-09-10 15:30:53
0;403;6;397;2018-09-10 15:45:52
0;340;4;336;2018-09-10 16:00:52
0;475;12;463;2018-09-10 16:15:52
0;436;8;428;2018-09-10 16:30:52
0;488;12;476;2018-09-10 16:45:52
0;443;6;437;2018-09-10 17:00:52
0;578;6;572;2018-09-10 17:15:52
0;603;6;597;2018-09-10 17:30:53
0;683;10;673;2018-09-10 17:45:52
0;655;11;644;2018-09-10 18:00:52
0;822;9;813;2018-09-10 18:15:52
0;806;13;793;2018-09-10 18:30:51
0;791;14;777;2018-09-10 18:45:54
0;678;6;672;2018-09-10 19:00:52
0;756;8;748;2018-09-10 19:15:52
0;709;9;700;2018-09-10 19:30:52
0;697;10;687;2018-09-10 19:45:52
0;643;9;634;2018-09-10 20:00:53
0;678;11;667;2018-09-10 20:15:51
0;670;6;664;2018-09-10 20:30:52
0;634;9;625;2018-09-10 20:45:51
0;563;4;559;2018-09-10 21:00:52
0;517;3;514;2018-09-10 21:15:52
0;443;6;437;2018-09-10 21:30:52
0;456;6;450;2018-09-10 21:45:52
0;369;2;367;2018-09-10 22:00:52
0;446;2;444;2018-09-10 22:15:52
0;348;9;339;2018-09-10 22:30:52
0;341;3;338;2018-09-10 22:45:51
0;298;4;294;2018-09-10 23:00:51
0;323;6;317;2018-09-10 23:15:51
0;291;5;286;2018-09-10 23:30:52
0;273;3;270;2018-09-10 23:45:52
0;277;1;276;2018-09-11 00:00:54
0;250;3;247;2018-09-11 00:15:52
0;256;10;246;2018-09-11 00:30:52
0;200;8;192;2018-09-11 00:45:52
0;184;5;179;2018-09-11 01:00:51
0;196;6;190;2018-09-11 01:15:51
0;169;3;166;2018-09-11 01:30:51
0;159;3;156;2018-09-11 01:45:51
0;168;3;165;2018-09-11 02:00:51
0;129;0;129;2018-09-11 02:15:52
0;109;1;108;2018-09-11 02:30:52
0;93;0;93;2018-09-11 02:45:51
0;90;1;89;2018-09-11 03:00:51
0;129;3;126;2018-09-11 03:15:52
0;123;1;122;2018-09-11 03:30:51
0;104;1;103;2018-09-11 03:45:51
0;80;1;79;2018-09-11 04:00:51
0;70;1;69;2018-09-11 04:15:51
0;63;0;63;2018-09-11 04:34:29
0;60;0;60;2018-09-11 04:45:51
0;59;0;59;2018-09-11 05:00:51
0;68;0;68;2018-09-11 05:15:52
0;72;2;70;2018-09-11 05:30:52
0;77;0;77;2018-09-11 05:45:53
0;60;0;60;2018-09-11 06:00:53
0;66;1;65;2018-09-11 06:15:52
0;106;2;104;2018-09-11 06:30:52
0;111;0;111;2018-09-11 06:45:53
0;86;0;86;2018-09-11 07:00:52
0;108;1;107;2018-09-11 07:15:52
0;133;2;131;2018-09-11 07:30:53
0;182;1;181;2018-09-11 07:45:53
0;155;1;154;2018-09-11 08:00:52
0;154;3;151;2018-09-11 08:15:52
0;219;4;215;2018-09-11 08:30:53
0;311;4;307;2018-09-11 08:45:53
0;209;4;205;2018-09-11 09:00:52
0;207;2;205;2018-09-11 09:15:52
0;244;1;243;2018-09-11 09:30:53
0;290;1;289;2018-09-11 09:45:53
0;255;1;254;2018-09-11 10:00:52
0;269;2;267;2018-09-11 10:15:53
0;323;1;322;2018-09-11 10:30:53
0;362;5;357;2018-09-11 10:45:53
0;338;5;333;2018-09-11 11:00:52
0;351;5;346;2018-09-11 11:15:52
0;395;3;392;2018-09-11 11:30:53
0;385;3;382;2018-09-11 11:45:52
0;379;3;376;2018-09-11 12:00:52
0;443;5;438;2018-09-11 12:15:52
0;478;6;472;2018-09-11 12:30:52
0;478;3;475;2018-09-11 12:45:52
0;494;8;486;2018-09-11 13:00:52
0;499;9;490;2018-09-11 13:15:52
0;444;4;440;2018-09-11 13:30:52
0;459;2;457;2018-09-11 13:45:51
0;452;3;449;2018-09-11 14:00:52
0;434;5;429;2018-09-11 14:15:52
0;457;9;448;2018-09-11 14:30:51
0;443;4;439;2018-09-11 14:45:52
0;432;3;429;2018-09-11 15:00:52
0;466;5;461;2018-09-11 15:15:52
0;415;9;406;2018-09-11 15:30:53
0;417;3;414;2018-09-11 15:45:52
0;425;6;419;2018-09-11 16:00:52
0;446;2;444;2018-09-11 16:15:52
0;461;0;461;2018-09-11 16:30:52
0;519;2;517;2018-09-11 16:45:51
0;465;4;461;2018-09-11 17:00:52
0;480;4;476;2018-09-11 17:15:52
0;511;7;504;2018-09-11 17:30:51
0;569;9;560;2018-09-11 17:45:52
0;556;9;547;2018-09-11 18:00:51
0;660;9;651;2018-09-11 18:15:52
0;693;6;687;2018-09-11 18:30:51
0;634;8;626;2018-09-11 18:45:51
0;587;0;587;2018-09-11 19:00:52
0;614;7;607;2018-09-11 19:15:52
0;633;7;626;2018-09-11 19:30:51
0;643;6;637;2018-09-11 19:45:52
0;605;7;598;2018-09-11 20:00:52
0;578;5;573;2018-09-11 20:15:52
0;535;2;533;2018-09-11 20:30:51
0;556;3;553;2018-09-11 20:45:51
0;459;2;457;2018-09-11 21:00:52
0;459;5;454;2018-09-11 21:15:51
0;410;2;408;2018-09-11 21:30:51
0;383;3;380;2018-09-11 21:45:51
0;331;1;330;2018-09-11 22:00:52
0;353;1;352;2018-09-11 22:15:51
0;309;3;306;2018-09-11 22:30:51
0;292;4;288;2018-09-11 22:45:51
0;274;2;272;2018-09-11 23:00:52
0;337;3;334;2018-09-11 23:15:51
0;355;5;350;2018-09-11 23:30:52
0;327;1;326;2018-09-11 23:45:51
0;268;2;266;2018-09-12 00:00:54
0;289;3;286;2018-09-12 00:15:51
0;261;4;257;2018-09-12 00:30:52
0;242;1;241;2018-09-12 00:45:51
0;197;3;194;2018-09-12 01:00:51
0;170;2;168;2018-09-12 01:15:51
0;136;0;136;2018-09-12 01:30:51
0;124;1;123;2018-09-12 01:45:51
0;120;0;120;2018-09-12 02:00:51
0;59;0;59;2018-09-12 02:15:51
0;40;0;40;2018-09-12 02:30:51
0;37;0;37;2018-09-12 02:45:50
0;37;0;37;2018-09-12 03:00:51
0;36;0;36;2018-09-12 03:15:51
0;35;0;35;2018-09-12 03:30:51
0;35;0;35;2018-09-12 03:45:51
0;35;0;35;2018-09-12 04:00:51
0;35;0;35;2018-09-12 04:15:51
0;35;0;35;2018-09-12 04:34:38
0;32;0;32;2018-09-12 04:45:51
0;35;0;35;2018-09-12 05:00:50
0;49;0;49;2018-09-12 05:15:53
0;54;0;54;2018-09-12 05:30:52
0;72;0;72;2018-09-12 05:45:52
0;68;0;68;2018-09-12 06:00:53
0;79;2;77;2018-09-12 06:15:52
0;142;1;141;2018-09-12 06:30:53
0;210;1;209;2018-09-12 06:45:52
0;206;2;204;2018-09-12 07:00:53
0;302;6;296;2018-09-12 07:15:52
0;491;6;485;2018-09-12 07:30:52
0;837;8;829;2018-09-12 07:45:53
0;760;12;748;2018-09-12 08:00:53
0;720;14;706;2018-09-12 08:15:52
0;842;22;820;2018-09-12 08:30:52
0;1009;28;981;2018-09-12 08:45:52
0;899;20;879;2018-09-12 09:00:53
0;753;22;731;2018-09-12 09:15:52
0;661;18;643;2018-09-12 09:30:52
0;561;13;548;2018-09-12 09:45:51
0;471;8;463;2018-09-12 10:00:53
0;438;9;429;2018-09-12 10:15:52
0;417;8;409;2018-09-12 10:30:52
0;452;10;442;2018-09-12 10:45:52
0;413;8;405;2018-09-12 11:00:52
0;423;8;415;2018-09-12 11:15:51
0;422;13;409;2018-09-12 11:30:52
0;500;14;486;2018-09-12 11:45:52
0;398;10;388;2018-09-12 12:00:51
0;429;11;418;2018-09-12 12:15:51
0;471;11;460;2018-09-12 12:30:52
0;493;11;482;2018-09-12 12:45:52
0;430;12;418;2018-09-12 13:00:51
0;487;10;477;2018-09-12 13:15:52
0;534;10;524;2018-09-12 13:30:51
0;565;10;555;2018-09-12 13:45:51
0;541;12;529;2018-09-12 14:00:52
0;644;8;636;2018-09-12 14:15:52
0;534;13;521;2018-09-12 14:30:51
0;617;13;604;2018-09-12 14:45:51
0;521;13;508;2018-09-12 15:00:52
0;615;11;604;2018-09-12 15:15:52
0;566;13;553;2018-09-12 15:30:51
0;591;10;581;2018-09-12 15:45:51
0;492;15;477;2018-09-12 16:00:52
0;605;18;587;2018-09-12 16:15:52
0;574;15;559;2018-09-12 16:30:51
0;654;14;640;2018-09-12 16:45:51
0;572;13;559;2018-09-12 17:00:52
0;707;17;690;2018-09-12 17:15:51
0;705;15;690;2018-09-12 17:30:51
0;878;13;865;2018-09-12 17:45:52
0;861;18;843;2018-09-12 18:00:51
0;1148;6;1142;2018-09-12 18:15:51
0;1081;20;1061;2018-09-12 18:30:52
0;1013;18;995;2018-09-12 18:45:51
0;429;8;421;2018-09-12 19:00:51
0;229;3;226;2018-09-12 19:15:51
0;155;3;152;2018-09-12 19:30:51
0;162;3;159;2018-09-12 19:45:51
0;213;0;213;2018-09-12 20:00:52
0;304;3;301;2018-09-12 20:15:51
0;304;2;302;2018-09-12 20:30:51
0;365;2;363;2018-09-12 20:45:50
0;329;0;329;2018-09-12 21:00:51
0;341;2;339;2018-09-12 21:15:51
0;325;1;324;2018-09-12 21:30:51
0;256;0;256;2018-09-12 21:45:51
0;282;1;281;2018-09-12 22:00:51
0;316;2;314;2018-09-12 22:15:51
0;238;1;237;2018-09-12 22:30:52
0;230;4;226;2018-09-12 22:45:51
0;222;1;221;2018-09-12 23:00:51
0;246;4;242;2018-09-12 23:15:50
0;250;2;248;2018-09-12 23:30:51
0;244;2;242;2018-09-12 23:45:50
0;251;2;249;2018-09-13 00:00:53
0;233;4;229;2018-09-13 00:15:51
0;229;7;222;2018-09-13 00:30:51
0;192;3;189;2018-09-13 00:45:50
0;184;0;184;2018-09-13 01:00:50
0;149;1;148;2018-09-13 01:15:51
0;127;0;127;2018-09-13 01:30:51
0;92;0;92;2018-09-13 01:45:50
0;92;3;89;2018-09-13 02:00:51
0;47;0;47;2018-09-13 02:15:51
0;38;0;38;2018-09-13 02:30:51
0;34;0;34;2018-09-13 02:45:50
0;30;0;30;2018-09-13 03:00:51
0;30;0;30;2018-09-13 03:15:50
0;30;0;30;2018-09-13 03:30:50
0;27;0;27;2018-09-13 03:45:50
0;26;0;26;2018-09-13 04:00:50
0;26;0;26;2018-09-13 04:15:50
0;25;0;25;2018-09-13 04:34:44
0;23;0;23;2018-09-13 04:45:50
0;25;0;25;2018-09-13 05:00:50
0;38;0;38;2018-09-13 05:15:51
0;46;1;45;2018-09-13 05:30:52
0;57;1;56;2018-09-13 05:45:52
0;49;0;49;2018-09-13 06:00:52
0;75;0;75;2018-09-13 06:15:51
0;124;2;122;2018-09-13 06:30:52
0;214;0;214;2018-09-13 06:45:52
0;195;1;194;2018-09-13 07:00:52
0;309;3;306;2018-09-13 07:15:51
0;487;4;483;2018-09-13 07:30:52
0;801;5;796;2018-09-13 07:45:52
0;772;12;760;2018-09-13 08:00:52
0;750;17;733;2018-09-13 08:15:51
0;861;23;838;2018-09-13 08:30:52
0;1128;21;1107;2018-09-13 08:45:51
0;826;13;813;2018-09-13 09:00:51
0;737;21;716;2018-09-13 09:15:52
0;610;11;599;2018-09-13 09:30:52
0;580;5;575;2018-09-13 09:45:52
0;404;4;400;2018-09-13 10:00:52
0;377;6;371;2018-09-13 10:15:51
0;384;4;380;2018-09-13 10:30:51
0;404;3;401;2018-09-13 10:45:51
0;352;4;348;2018-09-13 11:00:52
0;424;4;420;2018-09-13 11:15:52
0;402;5;397;2018-09-13 11:30:52
0;422;6;416;2018-09-13 11:45:51
0;399;2;397;2018-09-13 12:00:52
0;474;1;473;2018-09-13 12:15:51
0;457;2;455;2018-09-13 12:30:51
0;505;3;502;2018-09-13 12:45:52
0;440;3;437;2018-09-13 13:00:51
0;588;4;584;2018-09-13 13:15:52
0;512;4;508;2018-09-13 13:30:52
0;596;6;590;2018-09-13 13:45:52
0;563;7;556;2018-09-13 14:00:51
0;660;7;653;2018-09-13 14:15:51
0;600;8;592;2018-09-13 14:30:52
0;646;9;637;2018-09-13 14:45:52
0;535;6;529;2018-09-13 15:00:51
0;647;8;639;2018-09-13 15:15:51
0;566;4;562;2018-09-13 15:30:51
0;595;5;590;2018-09-13 15:45:50
0;530;8;522;2018-09-13 16:00:51
0;627;9;618;2018-09-13 16:15:51
0;603;8;595;2018-09-13 16:30:51
0;673;8;665;2018-09-13 16:45:51
0;586;5;581;2018-09-13 17:00:51
0;758;10;748;2018-09-13 17:15:50
0;757;8;749;2018-09-13 17:30:51
0;841;10;831;2018-09-13 17:45:51
0;794;10;784;2018-09-13 18:00:51
0;1059;13;1046;2018-09-13 18:15:51
0;1046;15;1031;2018-09-13 18:30:50
0;1013;16;997;2018-09-13 18:45:50
0;895;10;885;2018-09-13 19:00:51
0;924;21;903;2018-09-13 19:15:51
0;873;16;857;2018-09-13 19:30:50
0;885;6;879;2018-09-13 19:45:50
0;731;8;723;2018-09-13 20:00:51
0;785;6;779;2018-09-13 20:15:50
0;728;4;724;2018-09-13 20:30:51
0;719;9;710;2018-09-13 20:45:50
0;643;5;638;2018-09-13 21:00:52
0;594;6;588;2018-09-13 21:15:51
0;534;3;531;2018-09-13 21:30:51
0;481;4;477;2018-09-13 21:45:50
0;416;3;413;2018-09-13 22:00:51
0;446;3;443;2018-09-13 22:15:50
0;379;4;375;2018-09-13 22:30:51
0;340;5;335;2018-09-13 22:45:50
0;310;5;305;2018-09-13 23:00:50
0;323;4;319;2018-09-13 23:16:05
0;315;3;312;2018-09-13 23:30:51
0;308;5;303;2018-09-13 23:45:52
0;263;2;261;2018-09-14 00:00:52
0;282;8;274;2018-09-14 00:15:51
0;269;8;261;2018-09-14 00:30:50
0;234;7;227;2018-09-14 00:45:49
0;162;2;160;2018-09-14 01:00:51
0;172;2;170;2018-09-14 01:15:50
0;125;2;123;2018-09-14 01:30:50
0;130;1;129;2018-09-14 01:45:50
0;128;2;126;2018-09-14 02:00:51
0;98;1;97;2018-09-14 02:15:50
0;78;1;77;2018-09-14 02:30:50
0;64;1;63;2018-09-14 02:45:50
0;70;1;69;2018-09-14 03:00:50
0;42;1;41;2018-09-14 03:15:50
0;33;1;32;2018-09-14 03:30:50
0;30;0;30;2018-09-14 03:45:50
0;27;0;27;2018-09-14 04:00:50
0;25;0;25;2018-09-14 04:15:49
0;20;0;20;2018-09-14 04:34:47
0;20;0;20;2018-09-14 04:45:50
0;27;0;27;2018-09-14 05:00:50
0;65;0;65;2018-09-14 05:15:51
0;51;0;51;2018-09-14 05:30:52
0;68;0;68;2018-09-14 05:45:51
0;57;1;56;2018-09-14 06:00:51
0;69;1;68;2018-09-14 06:15:51
0;116;0;116;2018-09-14 06:30:52
0;185;0;185;2018-09-14 06:45:51
0;182;1;181;2018-09-14 07:00:51
0;311;4;307;2018-09-14 07:15:51
0;500;6;494;2018-09-14 07:30:52
0;803;10;793;2018-09-14 07:45:51
0;797;6;791;2018-09-14 08:00:51
0;725;12;713;2018-09-14 08:15:51
0;787;19;768;2018-09-14 08:30:52
0;988;26;962;2018-09-14 08:45:52
0;828;20;808;2018-09-14 09:00:51
0;672;15;657;2018-09-14 09:15:51
0;530;7;523;2018-09-14 09:30:52
0;558;6;552;2018-09-14 09:45:50
0;463;6;457;2018-09-14 10:00:52
0;392;2;390;2018-09-14 10:15:51
0;404;3;401;2018-09-14 10:30:51
0;459;1;458;2018-09-14 10:45:51
0;394;5;389;2018-09-14 11:00:51
0;397;5;392;2018-09-14 11:15:51
0;394;6;388;2018-09-14 11:30:52
0;460;3;457;2018-09-14 11:45:51
0;465;5;460;2018-09-14 12:15:51
0;441;8;433;2018-09-14 12:30:51
0;491;10;481;2018-09-14 12:45:51
0;428;3;425;2018-09-14 13:00:51
0;499;3;496;2018-09-14 13:15:51
0;499;3;496;2018-09-14 13:30:51
0;579;3;576;2018-09-14 13:45:50
0;547;3;544;2018-09-14 14:00:51
0;730;6;724;2018-09-14 14:15:50
0;701;6;695;2018-09-14 14:30:51
0;733;8;725;2018-09-14 14:45:51
0;632;8;624;2018-09-14 15:00:51
0;777;11;766;2018-09-14 15:15:51
0;690;13;677;2018-09-14 15:30:52
0;709;9;700;2018-09-14 15:45:51
0;573;8;565;2018-09-14 16:00:51
0;650;12;638;2018-09-14 16:15:50
0;625;8;617;2018-09-14 16:30:51
0;684;11;673;2018-09-14 16:45:50
0;644;5;639;2018-09-14 17:00:51
0;725;11;714;2018-09-14 17:15:51
0;750;14;736;2018-09-14 17:30:50
0;716;5;711;2018-09-14 17:45:50
0;701;7;694;2018-09-14 18:00:51
0;810;6;804;2018-09-14 18:15:50
0;796;6;790;2018-09-14 18:30:51
0;783;7;776;2018-09-14 18:45:50
0;743;8;735;2018-09-14 19:00:51
0;762;6;756;2018-09-14 19:15:50
0;754;9;745;2018-09-14 19:30:50
0;724;6;718;2018-09-14 19:45:50
0;655;3;652;2018-09-14 20:00:51
0;708;4;704;2018-09-14 20:15:50
0;705;5;700;2018-09-14 20:30:50
0;697;4;693;2018-09-14 20:45:50
0;598;1;597;2018-09-14 21:00:50
0;569;1;568;2018-09-14 21:15:50
0;509;3;506;2018-09-14 21:30:50
0;438;2;436;2018-09-14 21:45:50
0;385;0;385;2018-09-14 22:00:50
0;392;0;392;2018-09-14 22:15:50
0;335;3;332;2018-09-14 22:30:50
0;318;2;316;2018-09-14 22:45:49
0;296;1;295;2018-09-14 23:00:50
0;311;3;308;2018-09-14 23:15:50
0;286;2;284;2018-09-14 23:30:50
0;305;3;302;2018-09-14 23:45:50
0;326;3;323;2018-09-15 00:00:52
0;349;4;345;2018-09-15 00:15:50
0;316;2;314;2018-09-15 00:30:49
0;310;4;306;2018-09-15 00:45:50
0;262;5;257;2018-09-15 01:00:50
0;237;3;234;2018-09-15 01:15:50
0;225;4;221;2018-09-15 01:30:50
0;212;0;212;2018-09-15 01:45:49
0;211;0;211;2018-09-15 02:00:50
0;193;4;189;2018-09-15 02:15:50
0;198;4;194;2018-09-15 02:30:50
0;203;1;202;2018-09-15 02:45:49
0;190;1;189;2018-09-15 03:00:50
0;167;1;166;2018-09-15 03:15:50
0;162;0;162;2018-09-15 03:30:50
0;156;0;156;2018-09-15 03:45:49
0;149;1;148;2018-09-15 04:00:50
0;114;0;114;2018-09-15 04:15:50
0;120;0;120;2018-09-15 04:34:38
0;100;0;100;2018-09-15 04:45:49
0;85;1;84;2018-09-15 05:00:50
0;88;1;87;2018-09-15 05:15:51
0;80;0;80;2018-09-15 05:30:51
0;80;0;80;2018-09-15 05:45:51
0;70;0;70;2018-09-15 06:00:51
0;80;0;80;2018-09-15 06:15:51
0;120;0;120;2018-09-15 06:30:51
0;116;1;115;2018-09-15 06:45:51
0;68;0;68;2018-09-15 07:00:51
0;105;1;104;2018-09-15 07:15:50
0;128;0;128;2018-09-15 07:30:51
0;160;1;159;2018-09-15 07:45:51
0;110;0;110;2018-09-15 08:00:51
0;136;0;136;2018-09-15 08:15:51
0;177;3;174;2018-09-15 08:30:51
0;245;1;244;2018-09-15 08:45:50
0;190;1;189;2018-09-15 09:00:51
0;204;0;204;2018-09-15 09:15:51
0;223;1;222;2018-09-15 09:30:51
0;328;5;323;2018-09-15 09:45:50
0;272;1;271;2018-09-15 10:00:51
0;248;1;247;2018-09-15 10:15:50
0;313;2;311;2018-09-15 10:30:51
0;332;3;329;2018-09-15 10:45:51
0;315;3;312;2018-09-15 11:00:51
0;348;5;343;2018-09-15 11:15:51
0;335;3;332;2018-09-15 11:30:51
0;362;4;358;2018-09-15 11:45:50
0;369;9;360;2018-09-15 12:00:51
0;385;6;379;2018-09-15 12:15:51
0;387;6;381;2018-09-15 12:30:50
0;411;9;402;2018-09-15 12:45:50
0;413;3;410;2018-09-15 13:00:51
0;451;5;446;2018-09-15 13:15:50
0;453;5;448;2018-09-15 13:30:50
0;468;5;463;2018-09-15 13:45:50
0;420;2;418;2018-09-15 14:00:51
0;454;6;448;2018-09-15 14:15:50
0;395;5;390;2018-09-15 14:30:50
0;437;7;430;2018-09-15 14:45:50
0;303;2;301;2018-09-15 15:00:51
0;362;6;356;2018-09-15 15:15:50
0;352;6;346;2018-09-15 15:30:50
0;346;8;338;2018-09-15 15:45:50
0;354;3;351;2018-09-15 16:00:51
0;439;2;437;2018-09-15 16:15:50
0;469;5;464;2018-09-15 16:30:50
0;457;3;454;2018-09-15 16:45:50
0;386;10;376;2018-09-15 17:00:50
0;416;7;409;2018-09-15 17:15:50
0;408;4;404;2018-09-15 17:30:50
0;438;2;436;2018-09-15 17:45:50
0;401;2;399;2018-09-15 18:00:50
0;422;2;420;2018-09-15 18:15:50
0;481;4;477;2018-09-15 18:30:50
0;471;3;468;2018-09-15 18:45:49
0;467;3;464;2018-09-15 19:00:50
0;448;5;443;2018-09-15 19:15:50
0;439;6;433;2018-09-15 19:30:50
0;477;2;475;2018-09-15 19:45:49
0;454;4;450;2018-09-15 20:00:50
0;501;3;498;2018-09-15 20:15:50
0;494;6;488;2018-09-15 20:30:50
0;479;3;476;2018-09-15 20:45:49
0;452;4;448;2018-09-15 21:00:50
0;419;4;415;2018-09-15 21:15:50
0;392;1;391;2018-09-15 21:30:50
0;350;1;349;2018-09-15 21:45:49
0;290;0;290;2018-09-15 22:00:50
0;303;1;302;2018-09-15 22:15:50
0;303;2;301;2018-09-15 22:30:49
0;279;3;276;2018-09-15 22:45:50
0;242;1;241;2018-09-15 23:00:50
0;275;1;274;2018-09-15 23:15:49
0;291;1;290;2018-09-15 23:30:49
0;266;3;263;2018-09-15 23:45:49
0;221;3;218;2018-09-16 00:00:52
0;177;3;174;2018-09-16 00:15:49
0;154;1;153;2018-09-16 00:30:50
0;119;1;118;2018-09-16 00:45:50
0;115;0;115;2018-09-16 01:00:49
0;144;1;143;2018-09-16 01:15:49
0;169;4;165;2018-09-16 01:30:50
0;157;1;156;2018-09-16 01:45:49
0;169;2;167;2018-09-16 02:00:49
0;147;2;145;2018-09-16 02:15:49
0;145;2;143;2018-09-16 02:30:50
0;125;1;124;2018-09-16 02:45:50
0;128;2;126;2018-09-16 03:00:49
0;150;2;148;2018-09-16 03:15:49
0;163;3;160;2018-09-16 03:30:49
0;123;3;120;2018-09-16 03:45:49
0;115;2;113;2018-09-16 04:00:49
0;90;0;90;2018-09-16 04:15:49
0;97;0;97;2018-09-16 04:34:33
0;93;1;92;2018-09-16 04:45:49
0;64;0;64;2018-09-16 05:00:49
0;71;1;70;2018-09-16 05:15:50
0;85;0;85;2018-09-16 05:30:51
0;79;0;79;2018-09-16 05:45:50
0;65;0;65;2018-09-16 06:00:51
0;68;0;68;2018-09-16 06:15:50
0;98;0;98;2018-09-16 06:30:51
0;95;0;95;2018-09-16 06:45:50
0;68;0;68;2018-09-16 07:00:51
0;77;1;76;2018-09-16 07:15:51
0;73;0;73;2018-09-16 07:30:51
0;110;0;110;2018-09-16 07:45:50
0;85;0;85;2018-09-16 08:00:51
0;130;0;130;2018-09-16 08:15:50
0;134;0;134;2018-09-16 08:30:50
0;136;0;136;2018-09-16 08:45:50
0;114;1;113;2018-09-16 09:00:51
0;116;0;116;2018-09-16 09:15:50
0;158;3;155;2018-09-16 09:30:50
0;225;2;223;2018-09-16 09:45:50
0;200;1;199;2018-09-16 10:00:51
0;211;0;211;2018-09-16 10:15:51
0;256;3;253;2018-09-16 10:30:50
0;285;5;280;2018-09-16 10:45:50
0;267;4;263;2018-09-16 11:00:51
0;279;6;273;2018-09-16 11:15:50
0;271;4;267;2018-09-16 11:30:50
0;338;2;336;2018-09-16 11:45:50
0;335;2;333;2018-09-16 12:00:51
0;307;1;306;2018-09-16 12:15:50
0;262;4;258;2018-09-16 12:30:50
0;284;1;283;2018-09-16 12:45:50
0;310;3;307;2018-09-16 13:00:50
0;322;6;316;2018-09-16 13:15:50
0;379;3;376;2018-09-16 13:30:50
0;380;5;375;2018-09-16 13:45:51
0;389;6;383;2018-09-16 14:00:50
0;399;2;397;2018-09-16 14:15:50
0;379;2;377;2018-09-16 14:30:49
0;373;5;368;2018-09-16 14:45:50
0;326;1;325;2018-09-16 15:00:50
0;323;2;321;2018-09-16 15:15:49
0;348;3;345;2018-09-16 15:30:50
0;339;3;336;2018-09-16 15:45:50
0;350;3;347;2018-09-16 16:00:50
0;431;3;428;2018-09-16 16:15:49
0;472;4;468;2018-09-16 16:30:50
0;445;2;443;2018-09-16 16:45:49
0;457;3;454;2018-09-16 17:00:50
0;485;7;478;2018-09-16 17:15:50
0;453;6;447;2018-09-16 17:30:49
0;506;5;501;2018-09-16 17:45:49
0;485;5;480;2018-09-16 18:00:50
0;493;7;486;2018-09-16 18:15:50
0;550;10;540;2018-09-16 18:30:50
0;542;9;533;2018-09-16 18:45:50
0;560;7;553;2018-09-16 19:00:49
0;554;5;549;2018-09-16 19:15:50
0;516;3;513;2018-09-16 19:30:50
0;565;2;563;2018-09-16 19:45:49
0;519;1;518;2018-09-16 20:00:49
0;554;6;548;2018-09-16 20:15:49
0;547;9;538;2018-09-16 20:30:49
0;525;5;520;2018-09-16 20:45:49
0;430;2;428;2018-09-16 21:00:50
0;441;3;438;2018-09-16 21:15:49
0;338;2;336;2018-09-16 21:30:49
0;315;2;313;2018-09-16 21:45:50
0;264;3;261;2018-09-16 22:00:49
0;291;5;286;2018-09-16 22:15:49
0;280;2;278;2018-09-16 22:30:50
0;258;3;255;2018-09-16 22:45:49
0;228;1;227;2018-09-16 23:00:49
0;271;5;266;2018-09-16 23:15:48
0;226;3;223;2018-09-16 23:30:50
0;212;2;210;2018-09-16 23:45:49
0;195;3;192;2018-09-17 00:00:51
0;201;4;197;2018-09-17 00:15:50
0;167;3;164;2018-09-17 00:30:49
0;129;1;128;2018-09-17 00:45:48
0;103;0;103;2018-09-17 01:00:49
0;120;1;119;2018-09-17 01:15:49
0;98;1;97;2018-09-17 01:30:49
0;90;2;88;2018-09-17 01:45:49
0;78;2;76;2018-09-17 02:00:49
0;31;2;29;2018-09-17 02:15:48
0;19;1;18;2018-09-17 02:30:49
0;15;0;15;2018-09-17 02:45:48
0;14;0;14;2018-09-17 03:00:49
0;14;0;14;2018-09-17 03:15:49
0;14;0;14;2018-09-17 03:30:48
0;13;0;13;2018-09-17 03:45:49
0;11;0;11;2018-09-17 04:00:49
0;10;0;10;2018-09-17 04:15:49
0;10;0;10;2018-09-17 04:34:40
0;10;0;10;2018-09-17 04:45:48
0;15;0;15;2018-09-17 05:00:49
0;34;0;34;2018-09-17 05:15:50
0;40;0;40;2018-09-17 05:30:50
0;42;0;42;2018-09-17 05:45:50
0;51;0;51;2018-09-17 06:00:50
0;56;0;56;2018-09-17 06:15:50
0;126;0;126;2018-09-17 06:30:50
0;190;0;190;2018-09-17 06:45:50
0;180;1;179;2018-09-17 07:00:53
0;313;3;310;2018-09-17 07:15:50
0;512;5;507;2018-09-17 07:30:50
0;907;7;900;2018-09-17 07:45:50
0;742;17;725;2018-09-17 08:00:50
0;705;16;689;2018-09-17 08:15:49
0;825;17;808;2018-09-17 08:30:50
0;1121;29;1092;2018-09-17 08:45:50
0;845;18;827;2018-09-17 09:00:50
0;713;15;698;2018-09-17 09:15:50
0;571;16;555;2018-09-17 09:30:50
0;509;7;502;2018-09-17 09:45:50
0;390;6;384;2018-09-17 10:00:50
0;379;0;379;2018-09-17 10:15:50
0;366;3;363;2018-09-17 10:30:50
0;348;3;345;2018-09-17 10:45:49
0;323;1;322;2018-09-17 11:00:50
0;329;1;328;2018-09-17 11:15:50
0;327;6;321;2018-09-17 11:30:50
0;376;5;371;2018-09-17 11:45:49
0;344;7;337;2018-09-17 12:00:50
0;395;5;390;2018-09-17 12:15:50
0;378;7;371;2018-09-17 12:30:49
0;421;5;416;2018-09-17 12:45:49
0;413;3;410;2018-09-17 13:00:50
0;452;3;449;2018-09-17 13:15:49
0;425;5;420;2018-09-17 13:30:50
0;566;5;561;2018-09-17 13:45:50
0;582;4;578;2018-09-17 14:00:50
0;615;4;611;2018-09-17 14:15:49
0;707;6;701;2018-09-17 14:30:49
0;562;7;555;2018-09-17 14:45:49
0;497;6;491;2018-09-17 15:00:50
0;636;6;630;2018-09-17 15:30:50
0;648;11;637;2018-09-17 15:45:50
0;571;7;564;2018-09-17 16:00:49
0;606;8;598;2018-09-17 16:15:49
0;598;6;592;2018-09-17 16:30:49
0;601;4;597;2018-09-17 16:45:50
0;587;3;584;2018-09-17 17:00:50
0;779;10;769;2018-09-17 17:15:49
0;708;2;706;2018-09-17 17:30:49
0;858;5;853;2018-09-17 17:45:50
0;824;6;818;2018-09-17 18:00:49
0;1158;11;1147;2018-09-17 18:15:49
0;1160;15;1145;2018-09-17 18:30:49
0;1146;15;1131;2018-09-17 18:45:50
0;1021;5;1016;2018-09-17 19:00:49
0;1010;11;999;2018-09-17 19:15:49
0;943;13;930;2018-09-17 19:30:49
0;970;15;955;2018-09-17 19:45:48
0;806;11;795;2018-09-17 20:00:49
0;860;6;854;2018-09-17 20:15:49
0;777;2;775;2018-09-17 20:30:49
0;675;4;671;2018-09-17 20:45:48
0;578;5;573;2018-09-17 21:00:49
0;586;4;582;2018-09-17 21:15:49
0;513;5;508;2018-09-17 21:30:49
0;432;6;426;2018-09-17 21:45:48
0;375;3;372;2018-09-17 22:00:49
0;428;5;423;2018-09-17 22:15:49
0;359;7;352;2018-09-17 22:30:48
0;264;4;260;2018-09-17 22:45:48
0;248;4;244;2018-09-17 23:00:49
0;273;5;268;2018-09-17 23:15:49
0;274;6;268;2018-09-17 23:30:49
0;214;1;213;2018-09-17 23:45:48
0;238;3;235;2018-09-18 00:00:51
0;232;4;228;2018-09-18 00:15:49
0;196;5;191;2018-09-18 00:30:48
0;165;4;161;2018-09-18 00:45:48
0;137;2;135;2018-09-18 01:00:49
0;117;0;117;2018-09-18 01:15:48
0;89;1;88;2018-09-18 01:30:48
0;94;1;93;2018-09-18 01:45:49
0;97;1;96;2018-09-18 02:00:48
0;50;1;49;2018-09-18 02:15:48
0;41;0;41;2018-09-18 02:30:48
0;39;0;39;2018-09-18 02:45:48
0;37;0;37;2018-09-18 03:00:49
0;36;0;36;2018-09-18 03:15:48
0;36;0;36;2018-09-18 03:30:48
0;35;0;35;2018-09-18 03:45:49
0;35;0;35;2018-09-18 04:00:48
0;34;0;34;2018-09-18 04:15:48
0;19;0;19;2018-09-18 04:34:27
0;19;0;19;2018-09-18 04:45:48
0;26;0;26;2018-09-18 05:00:48
0;38;0;38;2018-09-18 05:15:50
0;43;0;43;2018-09-18 05:30:50
0;56;0;56;2018-09-18 05:45:49
0;55;0;55;2018-09-18 06:00:50
0;67;0;67;2018-09-18 06:15:50
0;127;0;127;2018-09-18 06:30:50
0;200;0;200;2018-09-18 06:45:49
0;119;1;118;2018-09-18 07:00:50
0;61;0;61;2018-09-18 07:15:49
0;146;0;146;2018-09-18 07:30:50
0;323;3;320;2018-09-18 07:45:50
0;281;3;278;2018-09-18 08:00:50
0;172;4;168;2018-09-18 08:15:49
0;85;3;82;2018-09-18 08:30:50
0;79;1;78;2018-09-18 08:45:50
0;93;0;93;2018-09-18 09:00:50
0;153;1;152;2018-09-18 09:15:49
0;127;2;125;2018-09-18 09:30:49
0;115;2;113;2018-09-18 09:45:50
0;100;1;99;2018-09-18 10:00:50
0;130;0;130;2018-09-18 10:15:50
0;149;0;149;2018-09-18 10:30:50
0;198;2;196;2018-09-18 10:45:50
0;209;2;207;2018-09-18 11:00:49
0;261;1;260;2018-09-18 11:15:50
0;276;1;275;2018-09-18 11:30:49
0;318;1;317;2018-09-18 11:45:49
0;307;2;305;2018-09-18 12:00:49
0;335;3;332;2018-09-18 12:15:49
0;332;3;329;2018-09-18 12:30:49
0;411;1;410;2018-09-18 12:45:49
0;380;1;379;2018-09-18 13:00:49
0;459;4;455;2018-09-18 13:15:49
0;479;6;473;2018-09-18 13:30:50
0;524;5;519;2018-09-18 13:45:48
0;535;6;529;2018-09-18 14:00:50
0;658;2;656;2018-09-18 14:15:49
0;613;10;603;2018-09-18 14:30:50
0;665;8;657;2018-09-18 14:45:49
0;527;2;525;2018-09-18 15:00:49
0;601;3;598;2018-09-18 15:15:49
0;522;7;515;2018-09-18 15:30:49
0;566;4;562;2018-09-18 15:45:49
0;499;5;494;2018-09-18 16:00:49
0;593;7;586;2018-09-18 16:15:51
0;486;6;480;2018-09-18 16:30:48
0;423;4;419;2018-09-18 16:45:49
0;314;6;308;2018-09-18 17:00:48
0;457;3;454;2018-09-18 17:15:48
0;528;5;523;2018-09-18 17:30:48
0;688;7;681;2018-09-18 17:45:48
0;727;5;722;2018-09-18 18:00:49
0;1011;9;1002;2018-09-18 18:15:49
0;1001;11;990;2018-09-18 18:30:49
0;1001;13;988;2018-09-18 18:45:49
0;867;9;858;2018-09-18 19:00:49
0;897;14;883;2018-09-18 19:15:48
0;835;8;827;2018-09-18 19:30:49
0;803;8;795;2018-09-18 19:45:49
0;733;9;724;2018-09-18 20:00:49
0;755;5;750;2018-09-18 20:15:49
0;684;4;680;2018-09-18 20:30:49
0;652;8;644;2018-09-18 20:45:48
0;663;6;657;2018-09-18 21:00:48
0;679;11;668;2018-09-18 21:15:48
0;566;7;559;2018-09-18 21:30:49
0;513;7;506;2018-09-18 21:45:49
0;403;7;396;2018-09-18 22:00:48
0;391;7;384;2018-09-18 22:15:48
0;337;7;330;2018-09-18 22:30:48
0;309;9;300;2018-09-18 22:45:48
0;296;8;288;2018-09-18 23:00:50
0;301;9;292;2018-09-18 23:15:48
0;290;7;283;2018-09-18 23:30:48
0;274;5;269;2018-09-18 23:45:48
0;235;7;228;2018-09-19 00:00:49
0;250;3;247;2018-09-19 00:15:48
0;234;5;229;2018-09-19 00:30:48
0;175;4;171;2018-09-19 00:45:48
0;155;6;149;2018-09-19 01:00:48
0;116;8;108;2018-09-19 01:15:48
0;104;4;100;2018-09-19 01:30:48
0;87;2;85;2018-09-19 01:45:48
0;85;2;83;2018-09-19 02:00:48
0;38;2;36;2018-09-19 02:15:48
0;25;2;23;2018-09-19 02:30:48
0;23;2;21;2018-09-19 02:45:47
0;23;2;21;2018-09-19 03:00:48
0;22;2;20;2018-09-19 03:15:48
0;22;2;20;2018-09-19 03:30:48
0;22;2;20;2018-09-19 03:45:48
0;22;2;20;2018-09-19 04:00:49
0;22;2;20;2018-09-19 04:15:47
0;22;2;20;2018-09-19 04:34:40
0;22;2;20;2018-09-19 04:45:47
0;26;2;24;2018-09-19 05:00:48
0;40;2;38;2018-09-19 05:15:49
0;39;2;37;2018-09-19 05:30:49
0;60;2;58;2018-09-19 05:45:49
0;55;2;53;2018-09-19 06:00:50
0;74;2;72;2018-09-19 06:15:49
0;150;3;147;2018-09-19 06:30:50
0;237;2;235;2018-09-19 06:45:49
0;202;3;199;2018-09-19 07:00:49
0;331;5;326;2018-09-19 07:15:49
0;529;6;523;2018-09-19 07:30:49
0;963;9;954;2018-09-19 07:45:49
0;795;10;785;2018-09-19 08:00:49
0;925;18;907;2018-09-19 08:30:49
0;1187;27;1160;2018-09-19 08:45:49
0;918;22;896;2018-09-19 09:00:49
0;807;17;790;2018-09-19 09:15:49
0;646;15;631;2018-09-19 09:30:49
0;606;12;594;2018-09-19 09:45:49
0;453;8;445;2018-09-19 10:00:50
0;382;8;374;2018-09-19 10:15:49
0;368;6;362;2018-09-19 10:30:49
0;439;7;432;2018-09-19 10:45:49
0;358;7;351;2018-09-19 11:00:49
0;365;4;361;2018-09-19 11:15:49
0;356;5;351;2018-09-19 11:30:49
0;450;4;446;2018-09-19 11:45:48
0;397;3;394;2018-09-19 12:00:49
0;453;6;447;2018-09-19 12:15:58
0;446;4;442;2018-09-19 12:30:50
0;498;5;493;2018-09-19 12:45:57
0;456;6;450;2018-09-19 13:00:52
0;528;8;520;2018-09-19 13:15:49
0;512;6;506;2018-09-19 13:30:49
0;583;3;580;2018-09-19 13:45:48
0;581;5;576;2018-09-19 14:00:54
0;793;8;785;2018-09-19 14:15:49
0;687;16;671;2018-09-19 14:30:49
0;694;13;681;2018-09-19 14:45:48
0;535;9;526;2018-09-19 15:00:49
0;691;15;676;2018-09-19 15:15:49
0;534;9;525;2018-09-19 15:30:48
0;649;6;643;2018-09-19 15:45:49
0;554;8;546;2018-09-19 16:00:49
0;623;9;614;2018-09-19 16:15:48
0;567;8;559;2018-09-19 16:30:48
0;661;9;652;2018-09-19 16:45:48
0;570;8;562;2018-09-19 17:00:49
0;742;10;732;2018-09-19 17:15:48
0;764;14;750;2018-09-19 17:30:49
0;879;12;867;2018-09-19 17:45:48
0;813;11;802;2018-09-19 18:00:49
0;1128;13;1115;2018-09-19 18:15:49
0;1093;16;1077;2018-09-19 18:30:48
0;1136;13;1123;2018-09-19 18:45:48
0;1093;14;1079;2018-09-19 19:00:48
0;1081;11;1070;2018-09-19 19:15:48
0;999;11;988;2018-09-19 19:30:49
0;952;9;943;2018-09-19 19:45:48
0;860;11;849;2018-09-19 20:00:49
0;888;10;878;2018-09-19 20:15:48
0;830;6;824;2018-09-19 20:30:48
0;776;5;771;2018-09-19 20:45:48
0;681;8;673;2018-09-19 21:00:48
0;660;4;656;2018-09-19 21:15:48
0;581;6;575;2018-09-19 21:30:48
0;483;7;476;2018-09-19 21:45:48
0;421;7;414;2018-09-19 22:00:48
0;433;7;426;2018-09-19 22:15:48
0;377;5;372;2018-09-19 22:30:48
0;304;4;300;2018-09-19 22:45:47
0;308;4;304;2018-09-19 23:00:48
0;341;4;337;2018-09-19 23:15:48
0;290;5;285;2018-09-19 23:30:48
0;293;6;287;2018-09-19 23:45:48
0;269;3;266;2018-09-20 00:00:56
0;226;3;223;2018-09-20 00:15:48
0;254;8;246;2018-09-20 00:30:48
0;188;6;182;2018-09-20 00:45:48
0;160;2;158;2018-09-20 01:00:49
0;146;3;143;2018-09-20 01:15:48
0;117;2;115;2018-09-20 01:30:47
0;109;1;108;2018-09-20 01:45:48
0;104;1;103;2018-09-20 02:00:47
0;44;1;43;2018-09-20 02:15:47
0;26;1;25;2018-09-20 02:30:48
0;23;1;22;2018-09-20 02:45:47
0;23;1;22;2018-09-20 03:00:48
0;22;1;21;2018-09-20 03:15:47
0;22;1;21;2018-09-20 03:30:48
0;21;1;20;2018-09-20 03:45:47
0;18;0;18;2018-09-20 04:00:48
0;18;0;18;2018-09-20 04:15:47
0;18;0;18;2018-09-20 04:34:46
0;18;0;18;2018-09-20 04:45:47
0;20;0;20;2018-09-20 05:00:48
0;34;0;34;2018-09-20 05:15:49
0;32;0;32;2018-09-20 05:30:49
0;60;0;60;2018-09-20 05:45:50
0;46;0;46;2018-09-20 06:00:49
0;70;0;70;2018-09-20 06:15:49
0;122;2;120;2018-09-20 06:30:55
0;207;0;207;2018-09-20 06:45:49
0;195;1;194;2018-09-20 07:00:49
0;306;2;304;2018-09-20 07:15:48
0;502;4;498;2018-09-20 07:30:50
0;923;8;915;2018-09-20 07:45:49
0;766;14;752;2018-09-20 08:00:49
0;820;14;806;2018-09-20 08:15:48
0;924;13;911;2018-09-20 08:30:49
0;1127;21;1106;2018-09-20 08:45:48
0;933;19;914;2018-09-20 09:00:49
0;793;19;774;2018-09-20 09:15:49
0;624;13;611;2018-09-20 09:30:48
0;531;8;523;2018-09-20 09:45:49
0;378;4;374;2018-09-20 10:00:49
0;403;3;400;2018-09-20 10:15:48
0;399;6;393;2018-09-20 10:30:49
0;427;5;422;2018-09-20 10:45:48
0;411;7;404;2018-09-20 11:15:49
0;393;5;388;2018-09-20 11:30:48
0;455;6;449;2018-09-20 11:45:48
0;445;3;442;2018-09-20 12:15:49
0;405;4;401;2018-09-20 12:30:48
0;482;7;475;2018-09-20 12:45:48
0;476;7;469;2018-09-20 13:00:48
0;539;4;535;2018-09-20 13:15:48
0;520;4;516;2018-09-20 13:30:48
0;586;7;579;2018-09-20 13:45:48
0;553;11;542;2018-09-20 14:00:49
0;774;9;765;2018-09-20 14:15:48
0;668;9;659;2018-09-20 14:30:51
0;794;11;783;2018-09-20 14:45:48
0;608;9;599;2018-09-20 15:00:49
0;664;8;656;2018-09-20 15:15:48
0;576;9;567;2018-09-20 15:30:49
0;549;12;537;2018-09-20 15:45:48
0;542;12;530;2018-09-20 16:00:48
0;615;6;609;2018-09-20 16:15:48
0;554;12;542;2018-09-20 16:30:48
0;670;12;658;2018-09-20 16:45:48
0;578;11;567;2018-09-20 17:00:48
0;741;11;730;2018-09-20 17:15:48
0;761;13;748;2018-09-20 17:30:48
0;846;17;829;2018-09-20 17:45:48
0;822;13;809;2018-09-20 18:00:48
0;1081;6;1075;2018-09-20 18:15:48
0;1061;9;1052;2018-09-20 18:30:48
0;1076;13;1063;2018-09-20 18:45:48
0;993;10;983;2018-09-20 19:00:48
0;1056;14;1042;2018-09-20 19:15:48
0;955;16;939;2018-09-20 19:30:48
0;958;13;945;2018-09-20 19:45:47
0;831;10;821;2018-09-20 20:00:48
0;913;10;903;2018-09-20 20:15:48
0;829;9;820;2018-09-20 20:30:48
0;829;7;822;2018-09-20 20:45:48
0;766;7;759;2018-09-20 21:00:47
0;721;15;706;2018-09-20 21:15:48
0;612;9;603;2018-09-20 21:30:47
0;536;8;528;2018-09-20 21:45:48
0;411;5;406;2018-09-20 22:00:47
0;436;6;430;2018-09-20 22:15:47
0;388;2;386;2018-09-20 22:30:48
0;362;6;356;2018-09-20 22:45:47
0;331;5;326;2018-09-20 23:00:48
0;342;5;337;2018-09-20 23:15:47
0;292;2;290;2018-09-20 23:30:48
0;313;1;312;2018-09-20 23:45:47
0;337;2;335;2018-09-21 00:00:56
0;324;6;318;2018-09-21 00:15:48
0;292;9;283;2018-09-21 00:30:48
0;246;8;238;2018-09-21 00:45:47
0;220;5;215;2018-09-21 01:00:48
0;186;5;181;2018-09-21 01:15:47
0;149;2;147;2018-09-21 01:30:48
0;123;1;122;2018-09-21 01:45:47
0;125;2;123;2018-09-21 02:00:48
0;93;2;91;2018-09-21 02:15:47
0;86;0;86;2018-09-21 02:30:47
0;68;1;67;2018-09-21 02:45:47
0;72;1;71;2018-09-21 03:00:48
0;46;1;45;2018-09-21 03:15:47
0;36;1;35;2018-09-21 03:30:47
0;36;1;35;2018-09-21 03:45:48
0;34;0;34;2018-09-21 04:00:47
0;33;0;33;2018-09-21 04:15:47
0;31;0;31;2018-09-21 04:34:35
0;30;0;30;2018-09-21 04:45:47
0;34;0;34;2018-09-21 05:00:47
0;58;0;58;2018-09-21 05:15:48
0;67;0;67;2018-09-21 05:30:52
0;88;0;88;2018-09-21 05:45:49
0;69;0;69;2018-09-21 06:00:48
0;102;0;102;2018-09-21 06:15:48
0;136;2;134;2018-09-21 06:30:50
0;178;0;178;2018-09-21 06:45:48
0;198;0;198;2018-09-21 07:00:49
0;316;2;314;2018-09-21 07:15:49
0;475;2;473;2018-09-21 07:30:48
0;887;8;879;2018-09-21 07:45:49
0;820;14;806;2018-09-21 08:00:48
0;786;20;766;2018-09-21 08:15:49
0;838;20;818;2018-09-21 08:30:48
0;1041;31;1010;2018-09-21 08:45:49
0;821;27;794;2018-09-21 09:00:48
0;695;13;682;2018-09-21 09:15:48
0;563;8;555;2018-09-21 09:30:48
0;529;7;522;2018-09-21 09:45:48
0;398;4;394;2018-09-21 10:00:49
0;397;3;394;2018-09-21 10:15:48
0;425;7;418;2018-09-21 10:30:48
0;467;6;461;2018-09-21 10:45:48
0;398;3;395;2018-09-21 11:00:48
0;436;4;432;2018-09-21 11:15:48
0;374;5;369;2018-09-21 11:30:48
0;432;4;428;2018-09-21 11:45:49
0;457;5;452;2018-09-21 12:00:48
0;496;5;491;2018-09-21 12:15:48
0;516;6;510;2018-09-21 12:30:48
0;542;4;538;2018-09-21 12:45:48
0;442;2;440;2018-09-21 13:00:49
0;537;6;531;2018-09-21 13:15:48
0;530;5;525;2018-09-21 13:30:48
0;621;10;611;2018-09-21 13:45:48
0;547;5;542;2018-09-21 14:00:47
0;815;6;809;2018-09-21 14:15:48
0;758;10;748;2018-09-21 14:30:48
0;869;8;861;2018-09-21 14:45:48
0;670;10;660;2018-09-21 15:00:49
0;870;18;852;2018-09-21 15:15:48
0;754;18;736;2018-09-21 15:30:48
0;724;14;710;2018-09-21 15:45:48
0;584;13;571;2018-09-21 16:00:48
0;656;17;639;2018-09-21 16:15:47
0;634;6;628;2018-09-21 16:30:48
0;683;5;678;2018-09-21 16:45:47
0;632;9;623;2018-09-21 17:00:48
0;688;10;678;2018-09-21 17:15:47
0;738;9;729;2018-09-21 17:30:47
0;744;7;737;2018-09-21 17:45:47
0;731;9;722;2018-09-21 18:00:48
0;810;7;803;2018-09-21 18:15:47
0;804;15;789;2018-09-21 18:30:47
0;805;16;789;2018-09-21 18:45:47
0;756;7;749;2018-09-21 19:00:47
0;697;8;689;2018-09-21 19:15:47
0;696;6;690;2018-09-21 19:30:47
0;719;7;712;2018-09-21 19:45:46
0;703;3;700;2018-09-21 20:00:47
0;753;4;749;2018-09-21 20:15:47
0;695;4;691;2018-09-21 20:30:47
0;656;4;652;2018-09-21 20:45:47
0;637;7;630;2018-09-21 21:00:47
0;640;7;633;2018-09-21 21:15:47
0;565;4;561;2018-09-21 21:30:47
0;460;3;457;2018-09-21 21:45:47
0;463;3;460;2018-09-21 22:00:47
0;461;6;455;2018-09-21 22:15:47
0;470;7;463;2018-09-21 22:30:48
0;429;3;426;2018-09-21 22:45:47
0;386;6;380;2018-09-21 23:00:48
0;418;10;408;2018-09-21 23:15:47
0;395;9;386;2018-09-21 23:30:48
0;417;4;413;2018-09-21 23:45:47
0;384;6;378;2018-09-22 00:00:57
0;415;6;409;2018-09-22 00:15:47
0;362;7;355;2018-09-22 00:30:47
0;338;7;331;2018-09-22 00:45:46
0;328;4;324;2018-09-22 01:00:47
0;316;9;307;2018-09-22 01:15:46
0;300;3;297;2018-09-22 01:30:47
0;254;4;250;2018-09-22 01:45:46
0;252;4;248;2018-09-22 02:00:47
0;304;3;301;2018-09-22 02:15:47
0;274;1;273;2018-09-22 02:30:47
0;269;2;267;2018-09-22 02:45:46
0;227;2;225;2018-09-22 03:00:47
0;205;2;203;2018-09-22 03:15:46
0;210;3;207;2018-09-22 03:30:47
0;176;3;173;2018-09-22 03:45:46
0;165;1;164;2018-09-22 04:00:47
0;132;2;130;2018-09-22 04:15:46
0;129;1;128;2018-09-22 04:34:40
0;114;1;113;2018-09-22 04:45:47
0;112;2;110;2018-09-22 05:00:46
0;116;2;114;2018-09-22 05:15:47
0;106;2;104;2018-09-22 05:30:48
0;96;3;93;2018-09-22 05:45:47
0;89;2;87;2018-09-22 06:00:48
0;87;3;84;2018-09-22 06:15:48
0;123;2;121;2018-09-22 06:30:49
0;105;2;103;2018-09-22 06:45:48
0;86;1;85;2018-09-22 07:00:48
0;119;1;118;2018-09-22 07:15:48
0;124;2;122;2018-09-22 07:30:48
0;160;2;158;2018-09-22 07:45:48
0;119;1;118;2018-09-22 08:00:49
0;135;4;131;2018-09-22 08:15:48
0;156;3;153;2018-09-22 08:30:48
0;243;1;242;2018-09-22 08:45:48
0;187;1;186;2018-09-22 09:00:48
0;196;1;195;2018-09-22 09:15:47
0;217;1;216;2018-09-22 09:30:48
0;281;3;278;2018-09-22 09:45:47
0;266;4;262;2018-09-22 10:00:48
0;248;4;244;2018-09-22 10:15:47
0;258;2;256;2018-09-22 10:30:48
0;345;2;343;2018-09-22 10:45:47
0;325;2;323;2018-09-22 11:00:48
0;366;6;360;2018-09-22 11:15:48
0;364;6;358;2018-09-22 11:30:48
0;394;7;387;2018-09-22 11:45:48
0;398;4;394;2018-09-22 12:00:48
0;394;2;392;2018-09-22 12:15:48
0;385;1;384;2018-09-22 12:30:48
0;435;7;428;2018-09-22 12:45:48
0;413;3;410;2018-09-22 13:00:48
0;429;5;424;2018-09-22 13:15:47
0;439;5;434;2018-09-22 13:30:48
0;454;4;450;2018-09-22 13:45:47
0;419;4;415;2018-09-22 14:00:48
0;446;6;440;2018-09-22 14:15:48
0;417;6;411;2018-09-22 14:30:47
0;450;3;447;2018-09-22 14:45:48
0;370;0;370;2018-09-22 15:00:48
0;347;3;344;2018-09-22 15:15:47
0;376;4;372;2018-09-22 15:30:48
0;395;3;392;2018-09-22 15:45:47
0;369;3;366;2018-09-22 16:00:50
0;418;5;413;2018-09-22 16:15:47
0;424;3;421;2018-09-22 16:30:47
0;428;7;421;2018-09-22 16:45:47
0;420;8;412;2018-09-22 17:00:48
0;454;6;448;2018-09-22 17:15:47
0;444;10;434;2018-09-22 17:30:47
0;451;11;440;2018-09-22 17:45:47
0;464;9;455;2018-09-22 18:00:47
0;470;9;461;2018-09-22 18:15:47
0;519;6;513;2018-09-22 18:30:47
0;556;4;552;2018-09-22 18:45:47
0;552;9;543;2018-09-22 19:00:47
0;575;7;568;2018-09-22 19:15:47
0;612;6;606;2018-09-22 19:30:47
0;654;7;647;2018-09-22 19:45:47
0;612;11;601;2018-09-22 20:00:47
0;610;4;606;2018-09-22 20:15:47
0;639;3;636;2018-09-22 20:30:47
0;585;9;576;2018-09-22 20:45:47
0;555;5;550;2018-09-22 21:00:46
0;474;12;462;2018-09-22 21:15:47
0;457;6;451;2018-09-22 21:30:46
0;455;5;450;2018-09-22 21:45:47
0;406;4;402;2018-09-22 22:00:47
0;401;5;396;2018-09-22 22:15:47
0;412;5;407;2018-09-22 22:30:46
0;384;6;378;2018-09-22 22:45:47
0;368;8;360;2018-09-22 23:00:47
0;378;6;372;2018-09-22 23:15:47
0;371;7;364;2018-09-22 23:30:47
0;358;4;354;2018-09-22 23:45:46
0;380;8;372;2018-09-23 00:00:54
0;362;4;358;2018-09-23 00:15:47
0;352;6;346;2018-09-23 00:30:47
0;307;5;302;2018-09-23 00:45:46
0;327;5;322;2018-09-23 01:00:47
0;372;2;370;2018-09-23 01:15:46
0;399;2;397;2018-09-23 01:30:47
0;343;4;339;2018-09-23 01:45:47
0;339;6;333;2018-09-23 02:00:46
0;315;2;313;2018-09-23 02:15:46
0;235;7;228;2018-09-23 02:30:46
0;192;3;189;2018-09-23 02:45:47
0;213;3;210;2018-09-23 03:00:46
0;202;3;199;2018-09-23 03:15:46
0;232;2;230;2018-09-23 03:30:46
0;268;3;265;2018-09-23 03:45:46
0;265;1;264;2018-09-23 04:00:46
0;221;2;219;2018-09-23 04:15:46
0;177;1;176;2018-09-23 04:34:37
0;171;1;170;2018-09-23 04:45:46
0;165;1;164;2018-09-23 05:00:47
0;135;1;134;2018-09-23 05:15:48
0;120;1;119;2018-09-23 05:30:47
0;116;1;115;2018-09-23 05:45:48
0;109;1;108;2018-09-23 06:00:48
0;115;1;114;2018-09-23 06:15:47
0;133;1;132;2018-09-23 06:30:49
0;117;2;115;2018-09-23 06:45:47
0;103;1;102;2018-09-23 07:00:48
0;102;1;101;2018-09-23 07:15:47
0;118;2;116;2018-09-23 07:30:47
0;129;1;128;2018-09-23 07:45:47
0;110;1;109;2018-09-23 08:00:48
0;129;1;128;2018-09-23 08:15:48
0;141;2;139;2018-09-23 08:30:47
0;166;1;165;2018-09-23 08:45:48
0;160;2;158;2018-09-23 09:00:47
0;156;2;154;2018-09-23 09:15:48
0;197;2;195;2018-09-23 09:30:47
0;220;1;219;2018-09-23 09:45:48
0;192;1;191;2018-09-23 10:00:48
0;201;2;199;2018-09-23 10:15:47
0;223;3;220;2018-09-23 10:30:48
0;260;4;256;2018-09-23 10:45:48
0;270;1;269;2018-09-23 11:00:47
0;311;4;307;2018-09-23 11:15:46
0;320;3;317;2018-09-23 11:30:47
0;370;5;365;2018-09-23 11:45:47
0;379;4;375;2018-09-23 12:00:47
0;341;5;336;2018-09-23 12:15:47
0;374;3;371;2018-09-23 12:30:48
0;420;3;417;2018-09-23 12:45:47
0;411;3;408;2018-09-23 13:00:47
0;375;7;368;2018-09-23 13:15:47
0;370;5;365;2018-09-23 13:30:48
0;432;3;429;2018-09-23 13:45:47
0;425;7;418;2018-09-23 14:00:47
0;427;6;421;2018-09-23 14:15:47
0;438;9;429;2018-09-23 14:30:47
0;430;5;425;2018-09-23 14:45:47
0;397;2;395;2018-09-23 15:00:48
0;355;3;352;2018-09-23 15:15:47
0;380;5;375;2018-09-23 15:30:47
0;404;7;397;2018-09-23 15:45:47
0;399;3;396;2018-09-23 16:00:47
0;417;0;417;2018-09-23 16:15:47
0;446;2;444;2018-09-23 16:30:47
0;467;5;462;2018-09-23 16:45:47
0;459;8;451;2018-09-23 17:00:47
0;444;8;436;2018-09-23 17:15:47
0;463;7;456;2018-09-23 17:30:46
0;445;6;439;2018-09-23 17:45:47
0;465;7;458;2018-09-23 18:00:47
0;452;10;442;2018-09-23 18:15:46
0;457;9;448;2018-09-23 18:30:46
0;534;7;527;2018-09-23 18:45:47
0;520;5;515;2018-09-23 19:00:46
0;578;6;572;2018-09-23 19:15:47
0;572;9;563;2018-09-23 19:30:46
0;596;11;585;2018-09-23 19:45:47
0;562;7;555;2018-09-23 20:00:46
0;578;7;571;2018-09-23 20:15:46
0;553;8;545;2018-09-23 20:30:46
0;516;6;510;2018-09-23 20:45:46
0;469;1;468;2018-09-23 21:00:46
0;433;1;432;2018-09-23 21:15:47
0;401;2;399;2018-09-23 21:30:46
0;347;0;347;2018-09-23 21:45:47
0;353;1;352;2018-09-23 22:00:46
0;351;6;345;2018-09-23 22:15:46
0;327;5;322;2018-09-23 22:30:46
0;353;4;349;2018-09-23 22:45:46
0;409;5;404;2018-09-23 23:00:46
0;407;6;401;2018-09-23 23:15:46
0;404;1;403;2018-09-23 23:30:46
0;358;3;355;2018-09-23 23:45:46
0;366;2;364;2018-09-24 00:00:49
0;341;3;338;2018-09-24 00:15:46
0;338;2;336;2018-09-24 00:30:47
0;327;3;324;2018-09-24 00:45:45
0;321;2;319;2018-09-24 01:00:46
0;309;1;308;2018-09-24 01:15:45
0;263;1;262;2018-09-24 01:30:46
0;251;2;249;2018-09-24 01:45:45
0;220;3;217;2018-09-24 02:00:46
0;221;6;215;2018-09-24 02:15:46
0;198;4;194;2018-09-24 02:30:46
0;195;4;191;2018-09-24 02:45:46
0;176;3;173;2018-09-24 03:00:46
0;141;3;138;2018-09-24 03:15:46
0;206;0;206;2018-09-24 03:30:45
0;205;2;203;2018-09-24 03:45:46
0;210;2;208;2018-09-24 04:00:46
0;191;0;191;2018-09-24 04:15:45
0;148;0;148;2018-09-24 04:34:32
0;114;0;114;2018-09-24 04:45:46
0;112;1;111;2018-09-24 05:00:45
0;118;1;117;2018-09-24 05:15:48
0;106;0;106;2018-09-24 05:30:47
0;105;0;105;2018-09-24 05:45:47
0;73;0;73;2018-09-24 06:00:49
0;107;0;107;2018-09-24 06:15:48
0;129;1;128;2018-09-24 06:30:48
0;133;0;133;2018-09-24 06:45:47
0;103;0;103;2018-09-24 07:00:47
0;107;0;107;2018-09-24 07:15:47
0;158;1;157;2018-09-24 07:30:47
0;184;0;184;2018-09-24 07:45:47
0;144;1;143;2018-09-24 08:00:47
0;165;1;164;2018-09-24 08:15:47
0;237;3;234;2018-09-24 08:30:48
0;302;4;298;2018-09-24 08:45:47
0;203;4;199;2018-09-24 09:00:48
0;175;3;172;2018-09-24 09:15:47
0;173;3;170;2018-09-24 09:30:46
0;207;2;205;2018-09-24 09:45:47
0;215;3;212;2018-09-24 10:00:48
0;233;2;231;2018-09-24 10:15:47
0;247;0;247;2018-09-24 10:30:47
0;248;2;246;2018-09-24 10:45:46
0;243;0;243;2018-09-24 11:00:47
0;287;1;286;2018-09-24 11:15:46
0;266;2;264;2018-09-24 11:30:47
0;337;5;332;2018-09-24 11:45:46
0;315;4;311;2018-09-24 12:00:47
0;316;3;313;2018-09-24 12:15:46
0;364;4;360;2018-09-24 12:30:47
0;352;4;348;2018-09-24 12:45:46
0;327;4;323;2018-09-24 13:00:47
0;327;4;323;2018-09-24 13:15:46
0;344;4;340;2018-09-24 13:30:46
0;411;5;406;2018-09-24 13:45:46
0;385;6;379;2018-09-24 14:00:46
0;377;5;372;2018-09-24 14:15:46
0;357;8;349;2018-09-24 14:30:47
0;356;7;349;2018-09-24 14:45:46
0;339;2;337;2018-09-24 15:00:46
0;331;4;327;2018-09-24 15:15:46
0;294;1;293;2018-09-24 15:30:46
0;294;7;287;2018-09-24 15:45:47
0;295;3;292;2018-09-24 16:00:46
0;360;2;358;2018-09-24 16:15:46
0;361;3;358;2018-09-24 16:30:46
0;463;8;455;2018-09-24 16:45:46
0;416;7;409;2018-09-24 17:00:46
0;437;6;431;2018-09-24 17:15:46
0;451;5;446;2018-09-24 17:30:46
0;526;8;518;2018-09-24 17:45:46
0;512;7;505;2018-09-24 18:00:46
0;625;7;618;2018-09-24 18:15:46
0;536;7;529;2018-09-24 18:30:47
0;547;7;540;2018-09-24 18:45:46
0;521;9;512;2018-09-24 19:00:47
0;600;10;590;2018-09-24 19:15:46
0;549;10;539;2018-09-24 19:30:47
0;510;11;499;2018-09-24 19:45:46
0;498;6;492;2018-09-24 20:00:47
0;541;6;535;2018-09-24 20:15:46
0;515;4;511;2018-09-24 20:30:47
0;443;6;437;2018-09-24 20:45:46
0;463;3;460;2018-09-24 21:00:47
0;484;5;479;2018-09-24 21:15:46
0;478;6;472;2018-09-24 21:30:46
0;410;5;405;2018-09-24 21:45:46
0;355;3;352;2018-09-24 22:00:47
0;342;4;338;2018-09-24 22:15:46
0;318;2;316;2018-09-24 22:30:45
0;405;6;399;2018-09-24 22:45:46
0;511;10;501;2018-09-24 23:00:47
0;445;8;437;2018-09-24 23:15:46
0;330;5;325;2018-09-24 23:30:46
0;260;6;254;2018-09-24 23:45:46
0;217;2;215;2018-09-25 00:00:53
0;222;2;220;2018-09-25 00:15:46
0;206;5;201;2018-09-25 00:30:45
0;144;2;142;2018-09-25 00:45:46
0;126;0;126;2018-09-25 01:00:46
0;120;2;118;2018-09-25 01:15:45
0;93;2;91;2018-09-25 01:30:46
0;71;0;71;2018-09-25 01:45:45
0;65;0;65;2018-09-25 02:00:45
0;28;0;28;2018-09-25 02:15:46
0;19;0;19;2018-09-25 02:30:45
0;18;0;18;2018-09-25 02:45:45
0;17;0;17;2018-09-25 03:00:45
0;17;0;17;2018-09-25 03:15:45
0;17;0;17;2018-09-25 03:30:45
0;17;0;17;2018-09-25 03:45:46
0;16;0;16;2018-09-25 04:00:45
0;16;0;16;2018-09-25 04:15:45
0;16;0;16;2018-09-25 04:34:33
0;16;0;16;2018-09-25 04:45:45
0;16;0;16;2018-09-25 05:00:46
0;20;0;20;2018-09-25 05:15:47
0;31;0;31;2018-09-25 05:30:47
0;45;0;45;2018-09-25 05:45:47
0;52;0;52;2018-09-25 06:00:50
0;72;0;72;2018-09-25 06:15:46
0;131;2;129;2018-09-25 06:30:50
0;200;2;198;2018-09-25 06:45:47
0;185;1;184;2018-09-25 07:00:47
0;312;1;311;2018-09-25 07:15:47
0;497;5;492;2018-09-25 07:30:47
0;897;9;888;2018-09-25 07:45:47
0;810;7;803;2018-09-25 08:00:47
0;846;13;833;2018-09-25 08:15:46
0;877;27;850;2018-09-25 08:30:47
0;1077;39;1038;2018-09-25 08:45:46
0;821;22;799;2018-09-25 09:00:47
0;742;17;725;2018-09-25 09:15:50
0;613;11;602;2018-09-25 09:30:47
0;392;3;389;2018-09-25 10:00:47
0;352;2;350;2018-09-25 10:30:48
0;412;4;408;2018-09-25 10:45:46
0;347;1;346;2018-09-25 11:00:47
0;367;1;366;2018-09-25 11:15:48
0;332;2;330;2018-09-25 11:30:47
0;432;1;431;2018-09-25 11:45:47
0;407;1;406;2018-09-25 12:00:46
0;427;3;424;2018-09-25 12:15:47
0;455;2;453;2018-09-25 12:30:47
0;468;6;462;2018-09-25 13:00:54
0;604;15;589;2018-09-25 15:30:47
0;512;6;506;2018-09-25 16:02:34
0;550;2;548;2018-09-25 17:03:24
0;874;15;859;2018-09-25 17:46:04
0;885;10;875;2018-09-25 18:04:17
0;966;12;954;2018-09-25 19:04:26
0;874;16;858;2018-09-25 19:49:20
0;1155;32;1123;2018-09-26 08:50:49
0;886;26;860;2018-09-26 09:03:52
0;784;18;766;2018-09-26 09:18:48
0;340;4;336;2018-09-26 11:03:27
0;572;4;568;2018-09-26 14:00:46
0;645;8;637;2018-09-26 16:45:45
0;412;5;407;2018-09-27 10:45:47
0;358;3;355;2018-09-27 11:01:23
0;479;5;474;2018-09-27 11:54:43
0;499;4;495;2018-09-27 12:48:55
0;762;7;755;2018-09-27 17:31:22
